Date,Kind,Model,Max Mode,Input (w/ Cache Write),Input (w/o Cache Write),Cache Read,Output Tokens,Total Tokens,Cost
2026-04-03,"Errored, No Charge",composer-2,No,0,0,0,0,0,-
2026-04-03,Included,composer-2-fast,No,0,0,0,0,0,Included
2026-04-03,Included,composer-2-fast,No,0,640,40960,410,42010,Included
2026-04-03,Included,composer-2-fast,No,0,12623,147328,1252,161203,Included
2026-04-03,Included,composer-2-fast,No,0,126925,62144,6156,195225,Included
2026-04-03,Included,composer-2-fast,No,0,46394,63776,2623,112793,Included
2026-04-02,Included,composer-2-fast,No,0,25206,185152,7265,217623,Included
2026-04-02,Included,composer-2-fast,No,0,98879,113504,9170,221553,Included
2026-04-02,Included,composer-2-fast,No,0,57255,725536,9626,792417,Included
2026-04-02,Included,composer-2-fast,No,0,91555,125216,8743,225514,Included
2026-04-02,Included,composer-2-fast,No,0,55765,495296,3852,554913,Included
2026-04-02,Included,composer-2-fast,No,0,68413,313312,17858,399583,Included
2026-04-02,Included,composer-2-fast,No,0,1630,36576,655,38861,Included
2026-04-02,Included,composer-2-fast,No,0,117831,326272,12006,456109,Included
2026-04-02,Included,composer-2-fast,No,0,45743,149280,4371,199394,Included
2026-04-02,Included,composer-2-fast,No,0,72802,467744,3962,544508,Included
2026-04-02,Included,composer-2-fast,No,0,43155,33440,1861,78456,Included
2026-04-02,Included,composer-2-fast,No,0,42508,272352,18800,333660,Included
2026-04-02,Included,composer-2-fast,No,0,89715,57152,3626,150493,Included
2026-04-02,Included,composer-2-fast,No,0,57088,324800,15942,397830,Included
2026-04-02,Included,composer-2-fast,No,0,53285,83808,1259,138352,Included
2026-04-02,Included,composer-2-fast,No,0,92045,180224,3499,275768,Included
2026-04-02,Included,composer-2-fast,No,0,17007,64064,1106,82177,Included
2026-04-02,Included,composer-2-fast,No,0,14473,908064,3552,926089,Included
2026-04-02,Included,composer-2-fast,No,0,1346,1238432,1996,1241774,Included
2026-04-02,Included,composer-2-fast,No,0,2195,1594112,1602,1597909,Included
2026-04-02,Included,composer-2-fast,No,0,3580,2415392,1453,2420425,Included
2026-04-02,Included,composer-2-fast,No,0,8026,2958208,12069,2978303,Included
2026-04-02,Included,composer-2-fast,No,0,1587,745920,3421,750928,Included
2026-04-02,Included,composer-2-fast,No,0,5414,995104,3358,1003876,Included
2026-04-02,Included,composer-2-fast,No,0,112,137888,449,138449,Included
2026-04-02,Included,composer-2-fast,No,0,122391,813376,11473,947240,Included
2026-04-02,Included,composer-2-fast,No,0,38849,117184,3096,159129,Included
2026-04-02,Included,composer-2-fast,No,0,22996,121536,2913,147445,Included
2026-04-02,Included,composer-2-fast,No,0,1550,152736,693,154979,Included
2026-04-02,Included,composer-2-fast,No,0,20171,89440,2847,112458,Included
2026-04-02,Included,composer-2-fast,No,0,21686,424064,5375,451125,Included
2026-04-02,Included,composer-2-fast,No,0,34406,112992,9753,157151,Included
2026-04-02,Included,composer-2-fast,No,0,126580,1469760,9305,1605645,Included
2026-04-02,Included,composer-2-fast,No,0,56535,149088,8014,213637,Included
2026-04-02,Included,composer-2-fast,No,0,135552,997312,7177,1140041,Included
2026-04-02,Included,composer-2-fast,No,0,155113,2511936,23938,2690987,Included
2026-04-02,Included,composer-2,No,0,112979,6656,259,119894,Included
2026-04-02,On-Demand,gemini-3.1-pro-preview,No,0,222457,152531,44189,419177,1.01
2026-04-02,On-Demand,gemini-3.1-pro-preview,No,0,64677,7723,276,72676,0.13
2026-04-02,Included,composer-2-fast,No,0,49028,987008,23390,1059426,Included
2026-04-02,Included,composer-2-fast,No,0,28902,95456,766,125124,Included
2026-04-01,Included,composer-2-fast,No,0,24707,6944,311,31962,Included
2026-04-01,Included,composer-2-fast,No,0,619,29920,550,31089,Included
2026-04-01,Included,composer-2-fast,No,0,62450,126400,3609,192459,Included
2026-04-01,Included,composer-2-fast,No,0,51207,502624,8837,562668,Included
2026-04-01,Included,composer-2-fast,No,0,108439,150496,5847,264782,Included
2026-04-01,Included,composer-2-fast,No,0,37500,64320,2719,104539,Included
2026-04-01,"Errored, No Charge",composer-2-fast,No,0,0,0,0,0,-
2026-04-01,Included,composer-2-fast,No,0,17278,6688,175,24141,Included
2026-04-01,Included,composer-2-fast,No,0,17278,6688,183,24149,Included
2026-04-01,"Aborted, Not Charged",composer-2-fast,No,0,0,0,0,0,0.00
2026-04-01,Included,composer-2-fast,No,0,23451,109088,7441,139980,Included
2026-04-01,Included,composer-2-fast,No,0,56350,115872,4130,176352,Included
2026-04-01,On-Demand,gpt-5.2-low-fast,No,0,137708,344320,4857,486885,0.74
2026-04-01,On-Demand,gpt-5.2-low-fast,No,0,58756,295296,6665,360717,0.50
2026-04-01,Included,composer-2-fast,No,0,58149,119232,8176,185557,Included
2026-04-01,"Errored, No Charge",gpt-5.3-codex,No,0,0,0,0,0,-
2026-04-01,Included,composer-2-fast,No,0,54864,152960,12840,220664,Included
2026-04-01,On-Demand,gpt-5.3-codex,No,0,52786,567936,906,621628,0.20
2026-04-01,On-Demand,gpt-5.3-codex,No,0,79539,1492096,1403,1573038,0.42
2026-04-01,On-Demand,gpt-5.3-codex,No,0,185436,2906624,7978,3100038,0.94
2026-04-01,On-Demand,claude-4.6-opus-high-thinking,No,30643,10,718446,3245,752344,0.63
2026-04-01,Included,composer-2-fast,No,0,19065,39264,7424,65753,Included
2026-04-01,On-Demand,claude-4.6-opus-high-thinking,No,162008,9,350479,9304,521800,1.42
2026-04-01,Included,composer-2-fast,No,0,56993,94944,3365,155302,Included
2026-04-01,On-Demand,claude-4.6-opus-high-thinking,No,1096,4,119399,1876,122375,0.11
2026-04-01,Included,composer-2-fast,No,0,30353,85152,7179,122684,Included
2026-04-01,On-Demand,claude-4.6-opus-high-thinking,No,37983,10,380529,6065,424587,0.58
2026-04-01,Included,composer-2-fast,No,0,60479,196384,3313,260176,Included
2026-04-01,Included,composer-2-fast,No,0,70745,227904,13718,312367,Included
2026-04-01,Included,composer-2-fast,No,0,26491,281088,12060,319639,Included
2026-04-01,Included,composer-2-fast,No,0,94131,387808,7985,489924,Included
2026-04-01,Included,composer-2-fast,No,0,36454,13376,2222,52052,Included
2026-04-01,On-Demand,claude-4.5-haiku-thinking,No,63436,39,221953,2535,287963,0.11
2026-04-01,"Errored, No Charge",composer-2-fast,No,0,0,0,0,0,-
2026-04-01,Included,composer-2-fast,No,0,87662,203616,6402,297680,Included
2026-04-01,On-Demand,claude-4.6-opus-high-thinking,No,4249,7,334903,2395,341554,0.25
2026-04-01,On-Demand,claude-4.6-opus-high-thinking,No,65027,19,869435,4197,938678,0.95
2026-04-01,Included,composer-2-fast,No,0,28167,190464,6667,225298,Included
2026-04-01,Included,composer-2-fast,No,0,55616,148768,4993,209377,Included
2026-04-01,Included,composer-2-fast,No,0,55874,113952,4741,174567,Included
2026-04-01,Included,composer-2-fast,No,0,37395,147392,5585,190372,Included
2026-04-01,Included,composer-2-fast,No,0,62527,191008,7609,261144,Included
2026-04-01,Included,composer-2-fast,No,0,80892,207488,6398,294778,Included
2026-04-01,Included,composer-2-fast,No,0,57308,88224,7427,152959,Included
2026-04-01,Included,composer-2-fast,No,0,44554,107264,3995,155813,Included
2026-04-01,Included,composer-2-fast,No,0,105508,369024,10017,484549,Included
2026-04-01,Included,composer-2-fast,No,0,51373,132608,7203,191184,Included
2026-04-01,Included,composer-2-fast,No,0,111354,56832,5978,174164,Included
2026-04-01,Included,composer-2-fast,No,0,61306,23808,1070,86184,Included
2026-04-01,Included,composer-2-fast,No,0,50169,89184,5621,144974,Included
2026-04-01,Included,composer-2-fast,No,0,78914,57184,5558,141656,Included
2026-04-01,Included,composer-2-fast,No,0,28148,81216,8092,117456,Included
2026-04-01,Included,composer-2-fast,No,0,59384,159136,10577,229097,Included
2026-04-01,Included,composer-2-fast,No,0,104034,241632,10868,356534,Included
2026-04-01,Included,composer-2-fast,No,0,65632,170624,8706,244962,Included
2026-04-01,Included,composer-2-fast,No,0,99993,207424,17050,324467,Included
2026-04-01,Included,composer-2-fast,No,0,63104,175648,9675,248427,Included
2026-04-01,Included,composer-2-fast,No,0,19895,88896,1816,110607,Included
2026-04-01,Included,composer-2-fast,No,0,33080,115488,8282,156850,Included
2026-04-01,Included,composer-2-fast,No,0,26039,162208,4914,193161,Included
2026-04-01,Included,composer-2-fast,No,0,25855,111392,5930,143177,Included
2026-04-01,On-Demand,claude-4.6-opus-high-thinking,No,45077,9,257528,2191,304805,0.47
2026-04-01,On-Demand,gpt-5.4-medium,No,0,25563,152576,2286,180425,0.14
2026-04-01,Included,composer-2-fast,No,0,42149,65856,1918,109923,Included
2026-04-01,Included,composer-2-fast,No,0,21581,92416,3758,117755,Included
2026-04-01,Included,composer-2-fast,No,0,41794,98848,2686,143328,Included
2026-04-01,Included,composer-2-fast,No,0,59631,152480,7260,219371,Included
2026-04-01,Included,composer-2-fast,No,0,26740,158016,10999,195755,Included
2026-04-01,Included,composer-2-fast,No,0,77015,92768,5980,175763,Included
2026-04-01,Included,composer-2-fast,No,0,87347,47808,6188,141343,Included
2026-04-01,Included,composer-2-fast,No,0,50069,122048,7191,179308,Included
2026-04-01,Included,composer-2-fast,No,0,59253,229184,6782,295219,Included
2026-04-01,On-Demand,claude-4.6-sonnet-medium-thinking,No,61680,5,101522,10191,173398,0.41
2026-04-01,Included,composer-2-fast,No,0,24463,6688,20,31171,Included
2026-03-31,Included,composer-2-fast,No,0,8695,152800,6359,167854,Included
2026-03-31,Included,composer-2-fast,No,0,22058,6688,199,28945,Included
2026-03-31,Included,composer-2-fast,No,0,22058,6688,136,28882,Included
2026-03-31,Included,composer-2-fast,No,0,57525,43456,6338,107319,Included
2026-03-31,Included,composer-2-fast,No,0,29522,139616,5905,175043,Included
2026-03-31,Included,composer-2-fast,No,0,54920,125664,14643,195227,Included
2026-03-31,Included,composer-2-fast,No,0,61503,167488,8847,237838,Included
2026-03-31,Included,composer-2-fast,No,0,32295,224352,17822,274469,Included
2026-03-31,Included,composer-2-fast,No,0,43189,39328,2393,84910,Included
2026-03-31,Included,composer-2-fast,No,0,94218,217024,7836,319078,Included
2026-03-31,Included,composer-2-fast,No,0,28156,166304,9733,204193,Included
2026-03-31,Included,composer-2-fast,No,0,1275,36800,88,38163,Included
2026-03-31,Included,composer-2-fast,No,0,31780,326848,2823,361451,Included
2026-03-31,Included,composer-2-fast,No,0,2345,160288,1138,163771,Included
2026-03-31,Included,composer-2-fast,No,0,46617,118080,1169,165866,Included
2026-03-31,Included,composer-2-fast,No,0,71808,185504,6317,263629,Included
2026-03-31,Included,composer-2-fast,No,0,37713,90784,1334,129831,Included
2026-03-31,Included,composer-2-fast,No,0,29684,83360,1966,115010,Included
2026-03-31,Included,composer-2-fast,No,0,60749,154656,4778,220183,Included
2026-03-31,Included,composer-2-fast,No,0,4882,290304,7695,302881,Included
2026-03-31,Included,composer-2-fast,No,0,25737,106816,2113,134666,Included
2026-03-30,Included,composer-2-fast,No,0,113605,202784,21025,337414,Included
2026-03-30,Included,composer-2-fast,No,0,14618,130464,3648,148730,Included
2026-03-30,Included,composer-2-fast,No,0,97594,160992,2007,260593,Included
2026-03-30,On-Demand,gpt-5.3-codex,No,0,21124,369536,2993,393653,0.14
2026-03-30,On-Demand,gpt-5.3-codex,No,0,40590,787200,9647,837437,0.34
2026-03-30,On-Demand,gpt-5.3-codex,No,0,9531,51200,1365,62096,0.04
2026-03-30,On-Demand,gpt-5.3-codex,No,0,6077,45184,2018,53279,0.05
2026-03-30,Included,composer-2-fast,No,0,86017,237152,23142,346311,Included
2026-03-30,Included,composer-2-fast,No,0,96783,99040,11811,207634,Included
2026-03-30,Included,composer-2-fast,No,0,57267,121792,8555,187614,Included
2026-03-30,Included,composer-2-fast,No,0,23156,166912,6201,196269,Included
2026-03-30,Included,composer-2-fast,No,0,35811,174368,4200,214379,Included
2026-03-30,Included,composer-2-fast,No,0,53096,77504,6165,136765,Included
2026-03-29,Included,composer-2-fast,No,0,52316,867264,30703,950283,Included
2026-03-29,Included,composer-2-fast,No,0,25048,105952,7789,138789,Included
2026-03-27,On-Demand,gpt-5.3-codex-low,No,0,34102,108416,4261,146779,0.14
2026-03-27,On-Demand,gpt-5.3-codex-low,No,0,8835,34944,255,44034,0.03
2026-03-27,On-Demand,gpt-5.3-codex-low,No,0,28371,130816,6342,165529,0.16
2026-03-27,On-Demand,gpt-5.3-codex-low,No,0,38431,358784,5135,402350,0.20
2026-03-27,Included,gpt-5.3-codex-low,No,0,37592,162816,8014,208422,Included
2026-03-27,Included,composer-2,No,0,5337,271872,1896,279105,Included
2026-03-27,Included,composer-2,No,0,36702,165376,7013,209091,Included
2026-03-27,Included,gpt-5.3-codex-low,No,0,4365,128896,1307,134568,Included
2026-03-27,Included,gpt-5.3-codex-low,No,0,6274,114048,1351,121673,Included
2026-03-27,Included,gpt-5.3-codex-low,No,0,21277,62208,316,83801,Included
2026-03-27,Included,gpt-5.3-codex-low,No,0,1635,18560,203,20398,Included
2026-03-27,Included,gpt-5.3-codex-low,No,0,4954,73472,761,79187,Included
2026-03-27,Included,gpt-5.3-codex-low,No,0,7050,94080,973,102103,Included
2026-03-27,Included,gpt-5.3-codex-low,No,0,67003,87296,1541,155840,Included
2026-03-27,Included,gpt-5.3-codex,No,0,144295,150784,718,295797,Included
2026-03-27,Included,composer-2,Yes,0,17519,49152,3040,69711,Included
2026-03-27,"Errored, No Charge",gpt-5.3-codex,No,0,0,0,0,0,-
2026-03-27,"Errored, No Charge",gpt-5.3-codex,No,0,0,0,0,0,-
2026-03-27,"Errored, No Charge",gpt-5.3-codex,No,0,0,0,0,0,-
2026-03-27,"Errored, No Charge",gpt-5.3-codex,No,0,16725,566528,2309,585562,-
2026-03-27,Included,gpt-5.3-codex,No,0,13360,130432,221,144013,Included
2026-03-27,Included,gpt-5.3-codex,No,0,30513,1360768,4431,1395712,Included
2026-03-27,Included,gpt-5.3-codex,No,0,8475,121600,512,130587,Included
2026-03-27,Included,gpt-5.3-codex,No,0,128741,625536,3331,757608,Included
2026-03-27,Included,gpt-5.3-codex,No,0,116158,600192,3696,720046,Included
2026-03-27,Included,gpt-5.3-codex,No,0,114849,344192,890,459931,Included
2026-03-27,Included,gpt-5.3-codex,No,0,16353,860928,4781,882062,Included
2026-03-27,Included,gpt-5.3-codex,No,0,35567,777600,4487,817654,Included
2026-03-27,Included,gpt-5.3-codex,No,0,106062,2190592,10614,2307268,Included
2026-03-27,Included,gpt-5.3-codex,No,0,18343,47616,1661,67620,Included
2026-03-27,Included,gpt-5.3-codex,No,0,104748,567424,5928,678100,Included
2026-03-27,Included,composer-2-fast,No,0,52392,347680,23375,423447,Included
2026-03-27,Included,composer-2-fast,No,0,14579,28736,1543,44858,Included
2026-03-27,Included,composer-2-fast,No,0,22916,132992,5883,161791,Included
2026-03-27,Included,composer-2-fast,No,0,16667,42400,2019,61086,Included
2026-03-27,Included,composer-2-fast,No,0,31443,20064,1729,53236,Included
2026-03-27,Included,composer-2-fast,No,0,25917,269408,2101,297426,Included
2026-03-27,Included,composer-2-fast,No,0,620,43520,744,44884,Included
2026-03-27,Included,composer-2-fast,No,0,85671,135136,10683,231490,Included
2026-03-27,Included,composer-2-fast,No,0,42561,73440,4991,120992,Included
2026-03-27,Included,composer-2-fast,No,0,72244,74016,2393,148653,Included
2026-03-27,Included,composer-2-fast,No,0,64104,236128,8516,308748,Included
2026-03-27,Included,composer-2-fast,No,0,105994,61280,6279,173553,Included
2026-03-27,Included,composer-2-fast,No,0,28743,169568,12250,210561,Included
2026-03-27,Included,composer-2-fast,No,0,20403,13376,2322,36101,Included
2026-03-27,Included,composer-2-fast,No,0,55791,109056,7366,172213,Included
2026-03-27,Included,composer-2-fast,No,0,1217604,0,4337,1221941,Included
2026-03-27,Included,composer-2-fast,No,0,307559,0,2042,309601,Included
2026-03-27,Included,composer-2-fast,No,0,451575,0,2987,454562,Included
2026-03-27,Included,composer-2-fast,No,0,804432,0,44849,849281,Included
2026-03-27,Included,composer-2-fast,No,0,340057,0,2825,342882,Included
2026-03-27,Included,composer-2-fast,No,0,244967,0,728,245695,Included
2026-03-27,Included,composer-2-fast,No,0,245380,0,1708,247088,Included
2026-03-27,Included,composer-2-fast,No,0,685853,0,6602,692455,Included
2026-03-27,Included,composer-2-fast,No,0,24604,76608,9995,111207,Included
2026-03-26,Included,composer-2-fast,No,0,12432,159392,1408,173232,Included
2026-03-26,Included,composer-2-fast,No,0,28920,371072,6053,406045,Included
2026-03-26,Included,composer-2-fast,No,0,83258,121408,8974,213640,Included
2026-03-26,Included,composer-2-fast,No,0,67036,154912,6322,228270,Included
2026-03-26,Included,gpt-5.3-codex,No,0,7281,293888,1462,302631,Included
2026-03-26,Included,gpt-5.3-codex,No,0,69544,418816,1518,489878,Included
2026-03-26,Included,gpt-5.4-medium,No,0,4199,191488,1878,197565,Included
2026-03-26,Included,gpt-5.4-medium,No,0,2161,59776,1419,63356,Included
2026-03-26,Included,gpt-5.4-medium,No,0,12752,47232,1477,61461,Included
2026-03-26,Included,composer-2-fast,No,0,43302,178208,4957,226467,Included
2026-03-26,Included,composer-2-fast,No,0,28780,90496,3805,123081,Included
2026-03-26,Included,gpt-5.4-medium,No,0,51569,105216,3022,159807,Included
2026-03-26,Included,gpt-5.4-medium,No,0,17171,73216,1861,92248,Included
2026-03-26,Included,gpt-5.4-medium,No,0,43306,147968,2344,193618,Included
2026-03-26,Included,gpt-5.4-medium,No,0,6049,587392,2850,596291,Included
2026-03-26,Included,gpt-5.4-medium,No,0,14424,78592,610,93626,Included
2026-03-26,Included,gpt-5.4-medium,No,0,13872,699008,7142,720022,Included
2026-03-26,"Errored, No Charge",gpt-5.4-medium,No,0,0,0,0,0,-
2026-03-26,Included,gpt-5.4-medium,No,0,3727,221312,1799,226838,Included
2026-03-26,Included,gpt-5.4-medium,No,0,3339,213504,1481,218324,Included
2026-03-26,Included,gpt-5.4-medium,No,0,63125,146816,1726,211667,Included
2026-03-26,Included,composer-2-fast,No,0,63204,138240,2648,204092,Included
2026-03-26,Included,composer-2-fast,No,0,2310,248672,3080,254062,Included
2026-03-26,Included,composer-2-fast,No,0,3569,407232,1410,412211,Included
2026-03-26,Included,composer-2-fast,No,0,31558,153536,17537,202631,Included
2026-03-26,Included,composer-2-fast,No,0,118347,320160,4767,443274,Included
2026-03-26,Included,composer-2-fast,No,0,23549,73632,8779,105960,Included
2026-03-26,Included,composer-2-fast,No,0,25700,35680,2368,63748,Included
2026-03-26,Included,gpt-5.3-codex,No,0,50456,1010176,1408,1062040,Included
2026-03-26,Included,gpt-5.3-codex,No,0,57986,3360512,5424,3423922,Included
2026-03-26,Included,gpt-5.3-codex,No,0,4032,454912,1249,460193,Included
2026-03-26,Included,gpt-5.3-codex,No,0,1365,87552,240,89157,Included
2026-03-26,Included,gpt-5.3-codex,No,0,32264,497536,760,530560,Included
2026-03-26,Included,gpt-5.3-codex,No,0,157572,2538368,9991,2705931,Included
2026-03-26,Included,gpt-5.3-codex,No,0,112057,2615424,14920,2742401,Included
2026-03-26,Included,gpt-5.3-codex,No,0,2746,124928,3384,131058,Included
2026-03-26,Included,gpt-5.3-codex,No,0,28418,11008,695,40121,Included
2026-03-26,Included,gpt-5.3-codex,No,0,8025,141056,3404,152485,Included
2026-03-26,Included,gpt-5.3-codex,No,0,76708,84864,4644,166216,Included
2026-03-26,Included,gpt-5.4-medium,No,0,16319,119040,3494,138853,Included
2026-03-26,Included,composer-2-fast,No,0,72437,119616,3087,195140,Included
2026-03-26,Included,gpt-5.4-medium,No,0,51918,108672,6260,166850,Included
2026-03-26,Included,gpt-5.4-medium,No,0,1785,61440,145,63370,Included
2026-03-26,Included,gpt-5.4-medium,No,0,1788,89600,659,92047,Included
2026-03-26,Included,gpt-5.4-medium,No,0,1258,57088,317,58663,Included
2026-03-26,Included,gpt-5.4-medium,No,0,13351,14848,228,28427,Included
2026-03-26,Included,gpt-5.4-mini-medium,No,0,29564,1558016,19929,1607509,Included
2026-03-26,Included,gpt-5.4-mini-medium,No,0,89940,594432,6197,690569,Included
2026-03-26,Included,gpt-5.4-mini-none,No,0,80950,312832,1701,395483,Included
2026-03-26,Included,gpt-5.4-medium,No,0,62482,654720,8198,725400,Included
2026-03-26,Included,composer-2-fast,No,0,18756,75168,1119,95043,Included
2026-03-26,Included,composer-2-fast,No,0,62184,89376,3467,155027,Included
2026-03-26,Included,composer-2-fast,No,0,17305,42240,1690,61235,Included
2026-03-26,Included,composer-2-fast,No,0,79801,49888,9565,139254,Included
2026-03-26,Included,composer-2-fast,No,0,14710,29600,2202,46512,Included
2026-03-26,Included,composer-2-fast,No,0,24578,6656,691,31925,Included
2026-03-26,Included,composer-2-fast,No,0,26351,116544,2715,145610,Included
2026-03-26,Included,composer-2-fast,No,0,32401,58432,1830,92663,Included
2026-03-26,Included,gpt-5.4-medium,No,0,7761,126080,1861,135702,Included
2026-03-26,Included,composer-2-fast,No,0,28524,20064,2095,50683,Included
2026-03-26,Included,gpt-5.4-medium,No,0,32981,310656,1905,345542,Included
2026-03-26,Included,gpt-5.4-medium,No,0,35812,122752,1620,160184,Included
2026-03-26,Included,composer-2-fast,No,0,30870,20064,1010,51944,Included
2026-03-26,Included,composer-2-fast,No,0,23788,33600,2235,59623,Included
2026-03-26,Included,composer-2-fast,No,0,17738,45696,935,64369,Included
2026-03-25,Included,composer-2-fast,No,0,20371,89600,10473,120444,Included
2026-03-25,Included,composer-2-fast,No,0,27676,89600,4520,121796,Included
2026-03-25,Included,composer-2-fast,No,0,12758,112640,5614,131012,Included
2026-03-25,Included,composer-2-fast,No,0,52627,236544,7083,296254,Included
2026-03-25,Included,composer-2-fast,No,0,12433,48128,2839,63400,Included
2026-03-25,Included,composer-2-fast,No,0,16715,118272,7460,142447,Included
2026-03-25,Included,composer-2-fast,No,0,14863,114688,7372,136923,Included
2026-03-25,Included,composer-2-fast,No,0,9303,29696,1720,40719,Included
2026-03-25,Included,composer-2-fast,No,0,37283,93696,6483,137462,Included
2026-03-25,Included,composer-2-fast,No,0,14601,113664,6972,135237,Included
2026-03-25,Included,composer-2-fast,No,0,13455,112640,6123,132218,Included
2026-03-25,Included,composer-2-fast,No,0,40684,152576,20036,213296,Included
2026-03-25,Included,composer-2-fast,No,0,116506,387584,8684,512774,Included
2026-03-25,Included,composer-2-fast,No,0,57444,189952,11460,258856,Included
2026-03-25,Included,composer-2-fast,No,0,95691,1139712,9665,1245068,Included
2026-03-25,Included,composer-2-fast,No,0,37096,103936,8977,150009,Included
2026-03-25,Included,composer-2-fast,No,0,29477,377344,16122,422943,Included
2026-03-25,Included,composer-2-fast,No,0,45539,79360,13875,138774,Included
2026-03-25,Included,composer-2-fast,No,0,13002,109056,4129,126187,Included
2026-03-25,Included,composer-2-fast,No,0,11013,687104,5882,703999,Included
2026-03-25,Included,composer-2-fast,No,0,76990,745984,7889,830863,Included
2026-03-25,Included,composer-2-fast,No,0,43795,157184,14589,215568,Included
2026-03-25,Included,composer-2-fast,No,0,10096,53760,2438,66294,Included
2026-03-25,Included,composer-2-fast,No,0,5065,5632,335,11032,Included
2026-03-25,Included,composer-2-fast,No,0,27577,97280,5778,130635,Included
2026-03-25,Included,composer-2-fast,No,0,74611,788480,8906,871997,Included
2026-03-25,Included,composer-2-fast,No,0,32254,103424,8505,144183,Included
2026-03-25,Included,composer-2-fast,No,0,36245,112128,7757,156130,Included
2026-03-25,Included,composer-2,No,0,14898,148992,2427,166317,Included
2026-03-25,Included,composer-2,No,0,2057,60928,1112,64097,Included
2026-03-25,Included,composer-2-fast,No,0,126395,1462784,13604,1602783,Included
2026-03-25,Included,composer-2,No,0,15168,44544,653,60365,Included
2026-03-25,Included,composer-2-fast,No,0,50004,122880,17065,189949,Included
2026-03-25,Included,composer-2-fast,No,0,9264,42496,1811,53571,Included
2026-03-25,Included,gpt-5.4-mini-none,No,0,30165,148480,1069,179714,Included
2026-03-25,Included,gpt-5.4-mini-none,No,0,19149,17920,218,37287,Included
2026-03-25,Included,composer-2-fast,No,0,26640,104448,6264,137352,Included
2026-03-25,Included,composer-2-fast,No,0,48190,317440,6081,371711,Included
2026-03-25,Included,composer-2-fast,No,0,22602,45568,748,68918,Included
2026-03-25,Included,composer-2-fast,No,0,53284,41984,6238,101506,Included
2026-03-25,Included,composer-2-fast,No,0,28822,527872,5890,562584,Included
2026-03-25,Included,composer-2-fast,No,0,36929,69120,9068,115117,Included
2026-03-25,Included,composer-2,No,0,43337,214016,9796,267149,Included
2026-03-25,Included,gemini-3-flash-preview,No,0,81062,1133073,13776,1227911,Included
2026-03-25,Included,gemini-3-flash-preview,No,0,81114,509188,14759,605061,Included
2026-03-25,Included,gpt-5.4-mini-medium,No,0,233708,95232,6145,335085,Included
2026-03-25,Included,gpt-5.4-mini-low,No,0,127706,143872,7298,278876,Included
2026-03-25,Included,gpt-5.4-mini-none,No,0,68933,128000,9440,206373,Included
2026-03-25,Included,gpt-5.4-mini-none,No,0,785,55808,62,56655,Included
2026-03-25,Included,gpt-5.4-mini-none,No,0,34820,207872,7688,250380,Included
2026-03-25,Included,gpt-5.4-mini-none,No,0,26550,262656,1322,290528,Included
2026-03-25,Included,gpt-5.4-mini-none,No,0,2387,125440,416,128243,Included
2026-03-25,Included,gpt-5.4-mini-none,No,0,11041,233984,747,245772,Included
2026-03-25,Included,gpt-5.4-mini-none,No,0,6928,112128,229,119285,Included
2026-03-25,Included,gpt-5.4-mini-none,No,0,161258,185344,5126,351728,Included
2026-03-24,Included,gpt-5.4-mini-none,No,0,209888,100864,5038,315790,Included
2026-03-24,Included,gpt-5.4-mini-none,No,0,131921,125952,5077,262950,Included
2026-03-24,Included,gpt-5.3-codex,No,0,3788,120960,605,125353,Included
2026-03-24,Included,gpt-5.3-codex,No,0,30533,167680,966,199179,Included
2026-03-24,Included,gpt-5.4-mini-none,No,0,5399,32768,186,38353,Included
2026-03-24,Included,gpt-5.4-mini-none,No,0,1567,35840,373,37780,Included
2026-03-24,Included,gpt-5.4-mini-none,No,0,2957,33792,284,37033,Included
2026-03-24,Included,gpt-5.4-mini-none,No,0,22954,224768,1488,249210,Included
2026-03-24,Included,gpt-5.4-mini-none,No,0,18628,14848,147,33623,Included
2026-03-24,Included,gpt-5.4-mini-none,No,0,18900,110080,1055,130035,Included
2026-03-24,Included,gpt-5.4-mini-none,No,0,702,73728,48,74478,Included
2026-03-24,Included,gpt-5.4-mini-none,No,0,952,146944,240,148136,Included
2026-03-24,"Errored, No Charge",gpt-5.4-mini-none,No,0,0,0,0,0,-
2026-03-24,Included,gpt-5.4-mini-none,No,0,144641,151040,2880,298561,Included
2026-03-24,Included,gpt-5.4-mini-none,No,0,106970,176640,5049,288659,Included
2026-03-24,Included,gpt-5.4-mini-none,No,0,1766,34816,88,36670,Included
2026-03-24,Included,gpt-5.4-mini-none,No,0,70417,132096,2491,205004,Included
2026-03-24,Included,gpt-5.4-mini-none,No,0,154924,104960,3093,262977,Included
2026-03-24,Included,gpt-5.4-mini-none,No,0,33007,3584,152,36743,Included
2026-03-24,Included,auto,No,0,8694,84096,1285,94075,Included
2026-03-24,Included,composer-2,No,0,66982,807936,6604,881522,Included
2026-03-24,Included,auto,No,0,34132,10752,356,45240,Included
2026-03-24,Included,auto,No,0,46078,115712,1358,163148,Included
2026-03-24,Included,composer-2-fast,No,0,28153,98816,1888,128857,Included
2026-03-24,Included,gpt-5.3-codex,No,0,66257,424576,2447,493280,Included
2026-03-24,Included,gpt-5.3-codex,No,0,3826,66688,1515,72029,Included
2026-03-24,Included,gpt-5.3-codex,No,0,28832,305408,3493,337733,Included
2026-03-24,Included,gpt-5.3-codex,No,0,462,30464,467,31393,Included
2026-03-24,Included,gpt-5.3-codex,No,0,466,30080,416,30962,Included
2026-03-24,Included,gpt-5.3-codex,No,0,650,29568,189,30407,Included
2026-03-24,Included,gpt-5.3-codex,No,0,575,29184,420,30179,Included
2026-03-24,Included,gpt-5.3-codex,No,0,23741,5632,668,30041,Included
2026-03-24,Included,gpt-5.4-medium,No,0,22300,117504,2924,142728,Included
2026-03-24,Included,composer-2-fast,No,0,16163,57344,4080,77587,Included
2026-03-24,Included,composer-2,No,0,8839,19456,959,29254,Included
2026-03-24,Included,gpt-5.3-codex,No,0,129282,945792,1676,1076750,Included
2026-03-24,Included,gpt-5.3-codex,No,0,3811,392704,485,397000,Included
2026-03-24,Included,gpt-5.3-codex,No,0,6821,1299712,2431,1308964,Included
2026-03-24,Included,gpt-5.3-codex,No,0,2708,1282304,5610,1290622,Included
2026-03-24,Included,gpt-5.3-codex,No,0,18141,105472,228,123841,Included
2026-03-24,Included,gpt-5.3-codex,No,0,47864,1649536,5860,1703260,Included
2026-03-24,Included,gpt-5.3-codex,No,0,112974,1761152,18632,1892758,Included
2026-03-24,Included,composer-2,No,0,7468,13312,2527,23307,Included
2026-03-24,Included,composer-2,No,0,12678,28160,2757,43595,Included
2026-03-24,Included,gpt-5.3-codex,No,0,46873,222080,2446,271399,Included
2026-03-24,Included,gpt-5.3-codex,No,0,11570,1151104,5070,1167744,Included
2026-03-24,Included,gpt-5.3-codex,No,0,25550,25472,701,51723,Included
2026-03-24,Included,gpt-5.3-codex,No,0,18232,592000,18380,628612,Included
2026-03-24,Included,gpt-5.3-codex,No,0,6421,39552,2003,47976,Included
2026-03-24,Included,gpt-5.3-codex,No,0,11619,11008,1314,23941,Included
2026-03-24,Included,composer-2-fast,No,0,57420,267776,2058,327254,Included
2026-03-24,Included,gpt-5.4-medium,No,0,5429,10752,608,16789,Included
2026-03-24,Included,gemini-3-flash-preview,No,0,51650,487385,1387,540422,Included
2026-03-24,Included,gemini-3-flash-preview,No,0,122510,1460646,16814,1599970,Included
2026-03-24,Included,gpt-5.3-codex,No,0,9093,48000,2311,59404,Included
2026-03-24,Included,gpt-5.3-codex,No,0,3943,56832,1294,62069,Included
2026-03-24,Included,gpt-5.3-codex,No,0,11243,57856,2324,71423,Included
2026-03-24,Included,composer-2,No,0,7265,42496,1050,50811,Included
2026-03-24,Included,gpt-5.3-codex,No,0,6474,46592,1500,54566,Included
2026-03-24,Included,composer-2-fast,No,0,55523,122880,1479,179882,Included
2026-03-24,Included,gpt-5.4-mini-medium,No,0,0,0,0,0,0.00
2026-03-24,Included,gpt-5.4-mini-medium,No,0,0,0,0,0,0.00
2026-03-24,Included,gpt-5.4-mini-medium,No,0,0,0,0,0,0.00
2026-03-24,Included,gpt-5.4-mini-medium,No,0,0,0,0,0,0.00
2026-03-24,Included,gpt-5.4-mini-high,No,0,0,0,0,0,0.00
2026-03-24,Included,gpt-5.4-mini-high,No,0,0,0,0,0,0.00
2026-03-24,Included,gpt-5.4-mini-high,No,0,0,0,0,0,0.00
2026-03-24,Included,gpt-5.4-mini-high,No,0,0,0,0,0,0.00
2026-03-24,Included,gpt-5.4-mini-high,No,0,0,0,0,0,0.00
2026-03-24,Included,gpt-5.4-mini-high,No,0,0,0,0,0,0.00
2026-03-24,Included,gpt-5.4-mini-high,No,0,0,0,0,0,0.00
2026-03-24,Included,gemini-2.5-flash,No,0,0,0,0,0,0.00
2026-03-24,Included,gemini-3-flash-preview,No,0,0,0,0,0,0.00
2026-03-24,Included,gpt-5.4-mini-medium,No,0,0,0,0,0,0.00
2026-03-24,Included,gpt-5.3-codex,No,0,0,0,0,0,0.00
2026-03-24,Included,Premium (Codex 5.3),No,0,0,0,0,0,0.00
2026-03-24,Included,gemini-2.5-flash,No,0,0,0,0,0,0.00
2026-03-24,Included,gemini-3-flash-preview,No,0,0,0,0,0,0.00
2026-03-24,Included,gpt-5.4-mini-medium,No,0,0,0,0,0,0.00
2026-03-24,Included,Premium (Codex 5.3),No,0,0,0,0,0,0.00
2026-03-24,Included,gpt-5.3-codex,No,0,0,0,0,0,0.00
2026-03-24,Included,gemini-2.5-flash,No,0,0,0,0,0,0.00
2026-03-24,Included,gemini-3-flash-preview,No,0,0,0,0,0,0.00
2026-03-24,Included,gpt-5.4-mini-medium,No,0,0,0,0,0,0.00
2026-03-24,Included,Premium (Codex 5.3),No,0,0,0,0,0,0.00
2026-03-24,Included,gpt-5.3-codex,No,0,0,0,0,0,0.00
2026-03-24,Included,gemini-2.5-flash,No,0,0,0,0,0,0.00
2026-03-24,Included,gemini-3-flash-preview,No,0,0,0,0,0,0.00
2026-03-24,Included,gpt-5.4-mini-medium,No,0,0,0,0,0,0.00
2026-03-24,Included,Premium (Codex 5.3),No,0,0,0,0,0,0.00
2026-03-24,Included,gpt-5.3-codex,No,0,0,0,0,0,0.00
2026-03-24,Included,auto,No,0,71534,75264,3195,149993,Included
2026-03-23,Included,gpt-5.4-mini-medium,No,0,76896,224768,3040,304704,Included
2026-03-23,Included,gpt-5.4-mini-medium,No,0,214486,96256,3753,314495,Included
2026-03-23,"Errored, No Charge",gpt-5.4-mini-medium,No,0,0,0,0,0,-
2026-03-23,Included,composer-2,No,0,37263,6016,8378,51657,Included
2026-03-23,Included,composer-2,No,0,38418,127488,1752,167658,Included
2026-03-23,Included,composer-2-fast,No,0,30552,122880,7161,160593,Included
2026-03-23,Included,gpt-5.3-codex,No,0,10063,94464,608,105135,Included
2026-03-23,Included,gpt-5.3-codex,No,0,1951,457216,2268,461435,Included
2026-03-23,Included,gpt-5.3-codex,No,0,30983,288256,1434,320673,Included
2026-03-23,Included,gpt-5.3-codex,No,0,33380,5632,1414,40426,Included
2026-03-23,Included,gpt-5.3-codex,No,0,20531,124416,2640,147587,Included
2026-03-23,Included,gpt-5.3-codex,No,0,384,15872,348,16604,Included
2026-03-23,Included,gpt-5.3-codex,No,0,12677,400768,4932,418377,Included
2026-03-23,Included,gpt-5.3-codex,No,0,54942,279296,2332,336570,Included
2026-03-23,Included,gpt-5.3-codex,No,0,13846,268928,4631,287405,Included
2026-03-23,Included,gpt-5.3-codex,No,0,4615,59648,1656,65919,Included
2026-03-23,Included,gpt-5.3-codex,No,0,3395,110720,2290,116405,Included
2026-03-23,Included,gpt-5.3-codex,No,0,4113,307840,2934,314887,Included
2026-03-23,Included,gpt-5.3-codex,No,0,4583,135808,476,140867,Included
2026-03-23,Included,gpt-5.3-codex,No,0,2649,163200,1135,166984,Included
2026-03-23,Included,gpt-5.3-codex,No,0,836,62336,415,63587,Included
2026-03-23,"Errored, No Charge",gpt-5.3-codex,No,0,0,0,0,0,-
2026-03-23,Included,gpt-5.3-codex,No,0,4721,196224,3140,204085,Included
2026-03-23,Included,gpt-5.3-codex,No,0,12338,122880,891,136109,Included
2026-03-23,Included,gpt-5.3-codex,No,0,9833,91776,653,102262,Included
2026-03-23,Included,gpt-5.3-codex,No,0,3849,243328,2994,250171,Included
2026-03-23,"Errored, No Charge",gpt-5.3-codex,No,0,0,0,0,0,-
2026-03-23,Included,gpt-5.3-codex,No,0,3001,129280,2132,134413,Included
2026-03-23,Included,gpt-5.3-codex,No,0,386,16000,86,16472,Included
2026-03-23,Included,gpt-5.3-codex,No,0,123,16000,132,16255,Included
2026-03-23,"Errored, No Charge",gpt-5.3-codex,No,0,0,0,0,0,-
2026-03-23,Included,composer-2-fast,No,0,12348,306688,3345,322381,Included
2026-03-23,Included,composer-2-fast,No,0,7835,147968,3181,158984,Included
2026-03-23,Included,composer-2-fast,No,0,33315,93696,7859,134870,Included
2026-03-22,Included,composer-2-fast,No,0,20410,579072,6292,605774,Included
2026-03-22,Included,composer-2-fast,No,0,29235,89600,5872,124707,Included
2026-03-22,Included,composer-2,No,0,118482,1129984,11847,1260313,Included
2026-03-22,Included,gpt-5.4-mini-medium,No,0,38381,120832,3849,163062,Included
2026-03-22,Included,gpt-5.4-mini-medium,No,0,45302,305152,2896,353350,Included
2026-03-22,Included,gpt-5.4-mini-medium,No,0,16186,103424,354,119964,Included
2026-03-22,Included,gpt-5.4-mini-medium,No,0,77130,240128,9699,326957,Included
2026-03-22,Included,gpt-5.4-mini-medium,No,0,152547,1321472,3944,1477963,Included
2026-03-22,Included,gpt-5.4-mini-medium,No,0,110258,375808,3813,489879,Included
2026-03-22,Included,gpt-5.4-mini-medium,No,0,238592,198144,7819,444555,Included
2026-03-22,Included,gpt-5.4-mini-medium,No,0,184502,246784,801,432087,Included
2026-03-22,Included,gpt-5.4-mini-medium,No,0,234870,250880,7220,492970,Included
2026-03-22,Included,gpt-5.4-mini-medium,No,0,34127,184320,4159,222606,Included
2026-03-22,Included,gpt-5.3-codex,No,0,62738,342912,2628,408278,Included
2026-03-22,Included,gpt-5.4-mini-medium,No,0,45158,285184,3984,334326,Included
2026-03-22,Included,gpt-5.4-mini-medium,No,0,142053,116736,12944,271733,Included
2026-03-22,Included,gpt-5.4-mini-medium,No,0,20719,126464,3868,151051,Included
2026-03-22,Included,gpt-5.4-mini-medium,No,0,58995,142848,2883,204726,Included
2026-03-22,Included,gpt-5.4-mini-medium,No,0,120891,749056,21893,891840,Included
2026-03-22,Included,gpt-5.4-mini-medium,No,0,60437,149504,5087,215028,Included
2026-03-22,Included,gpt-5.4-mini-medium,No,0,29355,45568,5845,80768,Included
2026-03-22,Included,gpt-5.4-mini-medium,No,0,24490,140288,6158,170936,Included
2026-03-22,Included,gpt-5.4-mini-medium,No,0,53642,281600,5893,341135,Included
2026-03-22,Included,gpt-5.4-mini-medium,No,0,59359,33792,1757,94908,Included
2026-03-22,Included,gpt-5.4-mini-medium,No,0,3800,203776,1703,209279,Included
2026-03-22,Included,gpt-5.4-mini-medium,No,0,19536,183808,748,204092,Included
2026-03-22,Included,gpt-5.4-mini-medium,No,0,39647,1822208,8089,1869944,Included
2026-03-22,Included,gpt-5.4-mini-medium,No,0,194113,458752,3624,656489,Included
2026-03-22,Included,gpt-5.4-mini-medium,No,0,147249,217600,8953,373802,Included
2026-03-22,Included,gpt-5.4-mini-medium,No,0,47760,280064,5774,333598,Included
2026-03-22,Included,gpt-5.4-mini-medium,No,0,31018,0,190,31208,Included
2026-03-22,Included,gpt-5.4-mini-medium,No,0,65543,166912,9137,241592,Included
2026-03-22,Included,gpt-5.4-mini-high,No,0,89309,372224,8442,469975,Included
2026-03-22,Included,composer-2,No,0,160588,442880,26526,629994,Included
2026-03-22,Included,gpt-5.4-mini-medium,No,0,132078,246272,6683,385033,Included
2026-03-22,Included,gpt-5.4-mini-medium,No,0,147078,768000,10151,925229,Included
2026-03-22,Included,gemini-3-flash-preview,No,0,71480,42893,2375,116748,Included
2026-03-22,Included,gpt-5.4-mini-medium,No,0,27246,219136,1929,248311,Included
2026-03-22,Included,gpt-5.4-mini-medium,No,0,48301,263680,8196,320177,Included
2026-03-22,Included,gpt-5.4-mini-medium,No,0,49667,337920,6959,394546,Included
2026-03-22,Included,gpt-5.4-mini-medium,No,0,56363,525824,8964,591151,Included
2026-03-22,Included,gpt-5.4-mini-medium,No,0,151879,221696,9339,382914,Included
2026-03-22,Included,gpt-5.4-mini-medium,No,0,65924,153088,6773,225785,Included
2026-03-22,Included,gpt-5.4-mini-medium,No,0,100011,439296,7022,546329,Included
2026-03-22,Included,gemini-3-flash-preview,No,0,46057,102648,6990,155695,Included
2026-03-22,Included,gemini-3-flash-preview,No,0,45488,108161,6933,160582,Included
2026-03-22,Included,gpt-5.4-medium,No,0,85275,111232,125,196632,Included
2026-03-22,Included,composer-2-fast,No,0,14046,882176,5539,901761,Included
2026-03-22,Included,composer-2-fast,No,0,33994,1597440,10828,1642262,Included
2026-03-22,Included,gpt-5.4-medium,No,0,80977,1861120,7823,1949920,Included
2026-03-22,Included,composer-2-fast,No,0,16173,501760,6594,524527,Included
2026-03-22,Included,gpt-5.4-medium,No,0,100616,10752,283,111651,Included
2026-03-22,Included,composer-2-fast,No,0,9107,375296,1568,385971,Included
2026-03-22,Included,composer-2-fast,No,0,90751,1024512,29878,1145141,Included
2026-03-22,Included,composer-2-fast,No,0,87131,845824,5696,938651,Included
2026-03-22,Included,composer-2-fast,No,0,6722,105472,3318,115512,Included
2026-03-22,Included,composer-2-fast,No,0,18090,7680,1924,27694,Included
2026-03-22,Included,composer-2-fast,No,0,4619,202752,1084,208455,Included
2026-03-22,Included,composer-2-fast,No,0,74921,1637376,21802,1734099,Included
2026-03-22,Included,composer-2,No,0,6414,225792,1851,234057,Included
2026-03-22,Included,composer-2,No,0,7612,155136,3976,166724,Included
2026-03-22,Included,composer-2,No,0,22951,136704,3982,163637,Included
2026-03-22,Included,composer-1.5,No,0,18308,132000,2974,153282,Included
2026-03-22,Included,composer-2,No,0,26306,87040,4934,118280,Included
2026-03-22,Included,composer-2-fast,No,0,76789,422400,8528,507717,Included
2026-03-22,Included,gpt-5.3-codex,No,0,7631,315264,4595,327490,Included
2026-03-22,"Errored, No Charge",gpt-5.3-codex,No,0,0,0,0,0,-
2026-03-22,Included,gpt-5.3-codex,No,0,2282,254848,3841,260971,Included
2026-03-22,Included,gpt-5.3-codex,No,0,4759,212224,3084,220067,Included
2026-03-22,Included,gpt-5.3-codex,No,0,12621,188800,1743,203164,Included
2026-03-22,Included,gpt-5.3-codex,No,0,19338,347264,4027,370629,Included
2026-03-22,Included,gpt-5.3-codex,No,0,7680,85376,2618,95674,Included
2026-03-22,Included,composer-2-fast,No,0,1041,46080,379,47500,Included
2026-03-22,Included,composer-2-fast,No,0,7891,212992,1935,222818,Included
2026-03-22,Included,composer-2-fast,No,0,34956,113152,4055,152163,Included
2026-03-21,Included,composer-2-fast,No,0,24495,59904,4626,89025,Included
2026-03-21,Included,composer-2-fast,No,0,25822,140800,3598,170220,Included
2026-03-21,Included,composer-2-fast,No,0,2705,186880,674,190259,Included
2026-03-21,Included,composer-2-fast,No,0,24139,384000,12175,420314,Included
2026-03-21,Included,composer-2-fast,No,0,46036,952320,8551,1006907,Included
2026-03-21,Included,composer-2-fast,No,0,23565,54784,1013,79362,Included
2026-03-21,Included,composer-2-fast,No,0,3516,77824,1766,83106,Included
2026-03-21,Included,composer-2-fast,No,0,1650,23552,363,25565,Included
2026-03-21,Included,composer-2-fast,No,0,47972,51200,1733,100905,Included
2026-03-21,Included,composer-2-fast,No,0,59200,604672,8669,672541,Included
2026-03-21,Included,auto,No,0,14317,221952,3043,239312,Included
2026-03-21,Included,auto,No,0,46097,88960,2915,137972,Included
2026-03-21,Included,auto,No,0,66430,232832,2779,302041,Included
2026-03-21,Included,auto,No,0,12995,16512,140,29647,Included
2026-03-21,Included,gpt-5.3-codex,No,0,36467,111104,1353,148924,Included
2026-03-21,Included,auto,No,0,68054,69504,2772,140330,Included
2026-03-21,Included,auto,No,0,73953,104064,10462,188479,Included
2026-03-21,Included,gpt-5.3-codex,No,0,44068,11264,4,55336,Included
2026-03-21,Included,gpt-5.3-codex,No,0,14546,239104,7823,261473,Included
2026-03-21,Included,gpt-5.3-codex,No,0,164,55168,4,55336,Included
2026-03-21,Included,gpt-5.3-codex,No,0,164,55168,4,55336,Included
2026-03-21,Included,gpt-5.3-codex,No,0,4723,105472,320,110515,Included
2026-03-21,Included,auto,No,0,73786,166144,4692,244622,Included
2026-03-21,Included,gpt-5.3-codex,No,0,70940,87296,2435,160671,Included
2026-03-21,Included,gpt-5.3-codex,No,0,115,51840,4,51959,Included
2026-03-21,Included,gpt-5.3-codex,No,0,95091,553600,5447,654138,Included
2026-03-21,Included,auto,No,0,22924,53248,3661,79833,Included
2026-03-21,Included,composer-2,No,0,3121,161664,3089,167874,Included
2026-03-21,Included,composer-2,No,0,17769,28800,2773,49342,Included
2026-03-21,Included,gpt-5.3-codex,No,0,4655,94080,1434,100169,Included
2026-03-21,Included,composer-2-fast,No,0,5782,48128,1678,55588,Included
2026-03-21,Included,composer-2-fast,No,0,16880,76800,2125,95805,Included
2026-03-21,Included,composer-2-fast,No,0,9599,29184,1749,40532,Included
2026-03-21,Included,composer-2,No,0,14958,6048,279,21285,Included
2026-03-21,Included,gpt-5.4-medium,No,0,15546,394240,7768,417554,Included
2026-03-21,Included,composer-2,No,0,27126,48576,1157,76859,Included
2026-03-21,Included,gpt-5.3-codex,No,0,6409,16896,39,23344,Included
2026-03-21,Included,gpt-5.3-codex,No,0,7103,312320,2997,322420,Included
2026-03-21,Included,gpt-5.3-codex,No,0,503,33024,281,33808,Included
2026-03-21,Included,gpt-5.3-codex,No,0,24803,190080,628,215511,Included
2026-03-21,Included,gpt-5.3-codex,No,0,10409,454784,2064,467257,Included
2026-03-21,Included,gpt-5.3-codex,No,0,6726,215168,1844,223738,Included
2026-03-21,Included,gpt-5.3-codex,No,0,41263,370816,3890,415969,Included
2026-03-21,Included,gpt-5.3-codex,No,0,12692,346624,3642,362958,Included
2026-03-21,Included,gpt-5.3-codex,No,0,31682,344704,5246,381632,Included
2026-03-21,Included,gpt-5.3-codex,No,0,2692,37632,1788,42112,Included
2026-03-21,Included,gpt-5.3-codex,No,0,9599,62464,2226,74289,Included
2026-03-21,Included,gpt-5.3-codex,No,0,5231,11264,81,16576,Included
2026-03-21,Included,composer-2-fast,No,0,43286,98816,10986,153088,Included
2026-03-21,Included,composer-2-fast,No,0,9160,116736,5539,131435,Included
2026-03-21,Included,composer-2-fast,No,0,20847,77824,2242,100913,Included
2026-03-21,Included,composer-2-fast,No,0,25613,81408,5381,112402,Included
2026-03-21,Included,composer-2-fast,No,0,1229,29184,261,30674,Included
2026-03-21,Included,composer-2-fast,No,0,26566,163328,6952,196846,Included
2026-03-21,Included,composer-2-fast,No,0,1621,37376,376,39373,Included
2026-03-21,Included,composer-2-fast,No,0,49058,569344,9835,628237,Included
2026-03-21,Included,composer-2-fast,No,0,5393,19968,3865,29226,Included
2026-03-21,Included,composer-2-fast,No,0,33842,92672,9070,135584,Included
2026-03-21,Included,composer-2,No,0,152551,1153152,11187,1316890,Included
2026-03-21,Included,composer-2,No,0,1722,75776,612,78110,Included
2026-03-21,Included,composer-2,No,0,97831,85472,9402,192705,Included
2026-03-21,Included,claude-4.5-sonnet,No,70386,29,70438,415,141268,Included
2026-03-21,Included,gpt-5.3-codex-low,No,0,14007,428800,2565,445372,Included
2026-03-21,Included,gpt-5.3-codex-low,No,0,21957,36352,620,58929,Included
2026-03-21,Included,gpt-5.3-codex-low,No,0,19083,69248,1094,89425,Included
2026-03-21,Included,composer-2,No,0,135346,711456,8976,855778,Included
2026-03-21,Included,composer-2,No,0,17405,55296,3453,76154,Included
2026-03-21,Included,composer-2,No,0,20435,347296,8435,376166,Included
2026-03-21,Included,composer-2,No,0,986,79296,4940,85222,Included
2026-03-21,Included,composer-2,No,0,47052,32864,1823,81739,Included
2026-03-21,Included,composer-2,No,0,89865,57984,6801,154650,Included
2026-03-21,Included,composer-2,No,0,23513,102528,9350,135391,Included
2026-03-21,Included,composer-2-fast,No,0,33105,124928,8058,166091,Included
2026-03-21,Included,gpt-5.3-codex,No,0,35686,171264,10463,217413,Included
2026-03-21,Included,composer-2-fast,No,0,34129,107008,3438,144575,Included
2026-03-21,Included,composer-2,No,0,711,38304,1109,40124,Included
2026-03-21,Included,composer-2,No,0,71892,93472,9241,174605,Included
2026-03-21,Included,auto,No,0,13969,196608,8128,218705,Included
2026-03-21,Included,auto,No,0,21197,32768,1926,55891,Included
2026-03-21,Included,composer-2,No,0,21389,114624,7523,143536,Included
2026-03-21,Included,composer-2,No,0,37950,102912,12816,153678,Included
2026-03-21,Included,auto,No,0,52609,156672,19214,228495,Included
2026-03-21,Included,composer-2,No,0,39883,114176,12832,166891,Included
2026-03-21,Included,auto,No,0,24354,87680,7689,119723,Included
2026-03-21,Included,composer-2,No,0,926,73728,1267,75921,Included
2026-03-21,Included,composer-2,No,0,2580,71168,258,74006,Included
2026-03-21,Included,composer-2,No,0,1997,69632,1483,73112,Included
2026-03-21,Included,composer-2,No,0,8070,136192,1554,145816,Included
2026-03-21,Included,composer-2,No,0,3618,63488,1438,68544,Included
2026-03-21,Included,composer-2,No,0,59638,5632,1102,66372,Included
2026-03-21,Included,composer-2,No,0,7898,124928,1238,134064,Included
2026-03-21,Included,composer-2,No,0,2581,58880,986,62447,Included
2026-03-21,Included,composer-2,No,0,2045,57344,1424,60813,Included
2026-03-21,Included,composer-2,No,0,50824,173056,3750,227630,Included
2026-03-21,Included,composer-2-fast,No,0,10160,144384,2475,157019,Included
2026-03-21,Included,composer-2-fast,No,0,43793,325632,3298,372723,Included
2026-03-21,Included,composer-2,No,0,24744,60928,5955,91627,Included
2026-03-21,Included,composer-2,No,0,114147,433664,43418,591229,Included
2026-03-21,Included,auto,No,0,2952,84992,274,88218,Included
2026-03-21,Included,auto,No,0,25107,64000,4907,94014,Included
2026-03-21,Included,auto,No,0,12539,172544,7559,192642,Included
2026-03-21,Included,auto,No,0,46032,256000,4538,306570,Included
2026-03-21,Included,auto,No,0,27509,57856,5157,90522,Included
2026-03-21,Included,composer-2,No,0,21446,64544,5474,91464,Included
2026-03-20,Included,composer-2-fast,No,0,38189,971264,10793,1020246,Included
2026-03-20,"Errored, No Charge",composer-2-fast,No,0,1152,67072,0,68224,-
2026-03-20,Included,composer-2-fast,No,0,69647,519168,6237,595052,Included
2026-03-20,Included,composer-2-fast,No,0,54284,65536,5662,125482,Included
2026-03-20,Included,composer-2-fast,No,0,35259,89088,1392,125739,Included
2026-03-20,Included,composer-2-fast,No,0,38527,129024,10358,177909,Included
2026-03-20,Included,composer-2-fast,No,0,39929,108544,5143,153616,Included
2026-03-20,Included,composer-2-fast,No,0,101011,369152,23957,494120,Included
2026-03-20,Included,composer-2,No,0,28197,1201664,6723,1236584,Included
2026-03-20,Included,composer-2,No,0,19195,383488,6445,409128,Included
2026-03-20,Included,composer-2,No,0,28678,103424,1550,133652,Included
2026-03-20,Included,composer-2,No,0,2702,451072,1182,454956,Included
2026-03-20,Included,composer-2,No,0,142301,154112,3570,299983,Included
2026-03-20,Included,composer-2-fast,No,0,27729,1172480,10211,1210420,Included
2026-03-20,Included,composer-2-fast,No,0,36308,696320,22917,755545,Included
2026-03-20,Included,composer-2-fast,No,0,26981,955392,10500,992873,Included
2026-03-20,Included,composer-2-fast,No,0,24862,579072,6310,610244,Included
2026-03-20,Included,composer-2-fast,No,0,34919,251904,2954,289777,Included
2026-03-20,Included,composer-2,No,0,3127,207360,918,211405,Included
2026-03-20,Included,composer-2,No,0,27739,763392,7446,798577,Included
2026-03-20,Included,composer-2,No,0,4545,123904,2034,130483,Included
2026-03-20,"Errored, No Charge",composer-2,No,0,34995,5632,0,40627,-
2026-03-20,Included,composer-2,No,0,23658,410112,6517,440287,Included
2026-03-20,Included,composer-2,No,0,12076,200704,3726,216506,Included
2026-03-20,"Errored, No Charge",composer-2,No,0,0,0,0,0,-
2026-03-20,Included,composer-2,No,0,39596,207872,2504,249972,Included
2026-03-20,"Errored, No Charge",composer-2,No,0,345,33280,0,33625,-
2026-03-20,Included,composer-2,No,0,78098,402944,5382,486424,Included
2026-03-20,Included,composer-2,No,0,16813,582144,2511,601468,Included
2026-03-20,Included,composer-2,No,0,60408,333824,4733,398965,Included
2026-03-20,Included,auto,No,0,69924,111232,1088,182244,Included
2026-03-20,Included,auto,No,0,1146,118400,4068,123614,Included
2026-03-20,Included,auto,No,0,8151,47616,349,56116,Included
2026-03-20,Included,auto,No,0,11343,146944,717,159004,Included
2026-03-20,Included,auto,No,0,34715,102272,2562,139549,Included
2026-03-20,Included,auto,No,0,28232,301952,2970,333154,Included
2026-03-20,Included,composer-2,No,0,0,0,0,0,Included
2026-03-20,Included,composer-2,No,0,0,0,0,0,Included
2026-03-20,Included,composer-2,No,0,3422,64000,1759,69181,Included
2026-03-20,Included,composer-2-fast,No,0,11123,641536,5727,658386,Included
2026-03-20,Included,composer-2-fast,No,0,0,0,0,0,Included
2026-03-20,Included,composer-2-fast,No,0,22580,228352,3113,254045,Included
2026-03-20,Included,composer-2,No,0,17145,5632,1486,24263,Included
2026-03-19,Included,composer-1.5,No,0,20212,106624,5323,132159,Included
2026-03-19,Included,composer-1.5,No,0,3799,220128,4431,228358,Included
2026-03-19,Included,composer-1.5,No,0,4386,104960,1184,110530,Included
2026-03-19,Included,composer-1.5,No,0,21229,139488,4675,165392,Included
2026-03-19,Included,composer-1.5,No,0,15993,97824,2428,116245,Included
2026-03-19,Included,composer-1.5,No,0,26013,466592,10709,503314,Included
2026-03-19,Included,composer-1.5,No,0,21009,206848,5921,233778,Included
2026-03-19,Included,composer-1.5,No,0,18544,104928,4055,127527,Included
2026-03-19,Included,composer-1.5,No,0,19019,132192,4110,155321,Included
2026-03-19,Included,composer-1.5,No,0,16942,71296,3716,91954,Included
2026-03-19,Included,composer-1.5,No,0,16024,69056,2462,87542,Included
2026-03-19,Included,composer-1.5,No,0,16453,98592,2884,117929,Included
2026-03-19,Included,composer-1.5,No,0,19307,104032,3997,127336,Included
2026-03-19,Included,composer-1.5,No,0,20533,142304,5965,168802,Included
2026-03-19,Included,composer-1.5,No,0,21850,114560,9076,145486,Included
2026-03-19,Included,composer-1.5,No,0,21376,112768,7043,141187,Included
2026-03-19,Included,composer-1.5,No,0,4623,192448,3441,200512,Included
2026-03-19,Included,composer-1.5,No,0,6964,230848,2270,240082,Included
2026-03-19,Included,composer-1.5,No,0,16077,12256,670,29003,Included
2026-03-19,Included,composer-1.5,No,0,6630,194880,10871,212381,Included
2026-03-19,Included,composer-1.5,No,0,18300,11104,746,30150,Included
2026-03-19,Included,composer-1.5,No,0,18787,99264,2987,121038,Included
2026-03-19,Included,composer-1.5,No,0,14612,11072,1811,27495,Included
2026-03-19,Included,auto,No,0,1199,29184,2222,32605,Included
2026-03-19,Included,auto,No,0,14715,14848,865,30428,Included
2026-03-19,Included,auto,No,0,28609,143872,3044,175525,Included
2026-03-19,Included,auto,No,0,1483,29184,196,30863,Included
2026-03-19,Included,auto,No,0,14160,15872,813,30845,Included
2026-03-19,Included,auto,No,0,83724,280064,7296,371084,Included
2026-03-19,Included,auto,No,0,18838,10752,945,30535,Included
2026-03-19,Included,Premium (Codex 5.3),No,0,19499,726656,2774,748929,Included
2026-03-19,Included,Premium (Codex 5.3),No,0,11553,405504,2749,419806,Included
2026-03-19,"Errored, No Charge",Premium (Codex 5.3),No,0,0,0,0,0,-
2026-03-19,Included,gemini-2.5-flash,No,0,116129,0,15663,131792,Included
2026-03-19,Included,composer-1.5,No,0,35377,1142816,8321,1186514,Included
2026-03-19,"Errored, No Charge",composer-1.5,No,0,0,0,0,0,-
2026-03-19,Included,composer-1.5,No,0,618,45248,934,46800,Included
2026-03-19,Included,composer-1.5,No,0,32544,44320,1720,78584,Included
2026-03-19,Included,composer-1.5,No,0,20211,73568,5996,99775,Included
2026-03-19,Included,composer-1.5,No,0,251,105472,2038,107761,Included
2026-03-19,"Errored, No Charge",composer-1.5,No,0,0,0,0,0,-
2026-03-19,Included,composer-1.5,No,0,17992,158080,1434,177506,Included
2026-03-19,Included,composer-1.5,No,0,2848,81120,1340,85308,Included
2026-03-19,Included,composer-1.5,No,0,21548,273728,6043,301319,Included
2026-03-19,Included,auto,No,0,29963,38144,1106,69213,Included
2026-03-19,Included,auto,No,0,954,105600,2738,109292,Included
2026-03-19,Included,auto,No,0,7269,55424,459,63152,Included
2026-03-19,Included,auto,No,0,5377,122752,4571,132700,Included
2026-03-19,Included,composer-1.5,No,0,13473,509600,3974,527047,Included
2026-03-19,Included,composer-1.5,No,0,3947,50912,1348,56207,Included
2026-03-19,Included,composer-1.5,No,0,18805,61632,1152,81589,Included
2026-03-19,Included,auto,No,0,17674,38016,476,56166,Included
2026-03-19,Included,auto,No,0,26356,104576,877,131809,Included
2026-03-19,Included,auto,No,0,2325,89728,1133,93186,Included
2026-03-19,Included,auto,No,0,774,28544,501,29819,Included
2026-03-19,Included,auto,No,0,21116,40064,930,62110,Included
2026-03-19,Included,auto,No,0,56113,442368,2414,500895,Included
2026-03-19,Included,auto,No,0,5732,182528,844,189104,Included
2026-03-19,Included,auto,No,0,34304,139392,1286,174982,Included
2026-03-19,Included,auto,No,0,71718,60160,1560,133438,Included
2026-03-19,Included,auto,No,0,32379,10752,293,43424,Included
2026-03-19,Included,auto,No,0,5400,183424,569,189393,Included
2026-03-19,Included,auto,No,0,34739,140544,1285,176568,Included
2026-03-19,Included,auto,No,0,701,164864,1159,166724,Included
2026-03-19,Included,auto,No,0,5684,189824,1229,196737,Included
2026-03-19,Included,auto,No,0,26362,155904,1178,183444,Included
2026-03-19,Included,auto,No,0,20777,76416,4140,101333,Included
2026-03-19,Included,auto,No,0,23605,91392,5160,120157,Included
2026-03-19,"Errored, No Charge",auto,No,0,0,0,0,0,-
2026-03-19,Included,auto,No,0,28517,72704,1415,102636,Included
2026-03-19,Included,auto,No,0,27877,98816,1658,128351,Included
2026-03-19,Included,auto,No,0,23382,61952,1550,86884,Included
2026-03-19,Included,auto,No,0,30178,127488,6896,164562,Included
2026-03-19,Included,auto,No,0,20006,49664,3501,73171,Included
2026-03-19,Included,auto,No,0,29274,60416,8018,97708,Included
2026-03-19,Included,auto,No,0,22230,123904,2896,149030,Included
2026-03-19,Included,composer-1.5,No,0,1187,126400,1948,129535,Included
2026-03-19,Included,composer-1.5,No,0,30,26912,896,27838,Included
2026-03-19,"Errored, No Charge",composer-1.5,No,0,0,0,0,0,-
2026-03-19,"Errored, No Charge",composer-1.5,No,0,0,0,0,0,-
2026-03-19,Included,gemini-2.5-flash,No,0,17277,133118,1178,151573,Included
2026-03-19,Included,gemini-2.5-flash,No,0,1385,60466,732,62583,Included
2026-03-19,Included,gemini-2.5-flash,No,0,4582,112507,379,117468,Included
2026-03-19,Included,gemini-2.5-flash,No,0,1313,26007,25,27345,Included
2026-03-19,Included,gemini-2.5-flash,No,0,11464,68010,203,79677,Included
2026-03-19,Included,gemini-2.5-flash,No,0,67014,90899,3546,161459,Included
2026-03-19,Included,auto,No,0,19219,71680,1951,92850,Included
2026-03-19,Included,auto,No,0,21445,144256,2735,168436,Included
2026-03-18,Included,auto,No,0,24147,68096,5410,97653,Included
2026-03-18,Included,auto,No,0,23802,67584,5038,96424,Included
2026-03-18,Included,auto,No,0,4182,232960,1117,238259,Included
2026-03-18,Included,auto,No,0,16985,79872,1713,98570,Included
2026-03-18,"Errored, No Charge",auto,No,0,29296,10752,0,40048,-
2026-03-18,Included,auto,No,0,33823,179968,6618,220409,Included
2026-03-18,Included,gpt-5.3-codex-low,No,0,27293,54528,799,82620,Included
2026-03-18,Included,gemini-3-flash-preview,No,0,84378,617512,4253,706143,Included
2026-03-18,Included,gemini-3-flash-preview,No,0,41884,88927,4905,135716,Included
2026-03-18,Included,claude-4.5-sonnet,No,73129,55,176344,1353,250881,Included
2026-03-18,Included,gemini-3-flash-preview,No,0,97680,130559,7168,235407,Included
2026-03-18,Included,gemini-3-flash-preview,No,0,22373,11223,407,34003,Included
2026-03-18,Included,gemini-3-flash-preview,No,0,2507,29835,1450,33792,Included
2026-03-18,Included,gemini-3-flash-preview,No,0,1421,29742,1582,32745,Included
2026-03-18,Included,gemini-3-flash-preview,No,0,415,29650,792,30857,Included
2026-03-18,Included,gemini-3-flash-preview,No,0,4206,25951,1499,31656,Included
2026-03-18,Included,gemini-3-flash-preview,No,0,20591,36764,820,58175,Included
2026-03-18,Included,gemini-3-flash-preview,No,0,2297,50842,1733,54872,Included
2026-03-18,Included,gemini-3-flash-preview,No,0,15159,10977,866,27002,Included
2026-03-17,Included,gemini-3-flash-preview,No,0,35815,74316,4172,114303,Included
2026-03-17,Included,gemini-3-flash-preview,No,0,45307,241124,6878,293309,Included
2026-03-17,Included,gpt-5.3-codex-low,No,0,2769,243200,878,246847,Included
2026-03-17,Included,gpt-5.3-codex-low,No,0,2190,177536,313,180039,Included
2026-03-17,Included,gpt-5.3-codex-low,No,0,4152,171776,514,176442,Included
2026-03-17,Included,gpt-5.3-codex-low,No,0,2819,223488,851,227158,Included
2026-03-17,Included,gpt-5.3-codex-low,No,0,5486,48768,163,54417,Included
2026-03-17,Included,gpt-5.3-codex-low,No,0,37496,64768,529,102793,Included
2026-03-17,Included,gemini-3-flash-preview,No,0,94454,278447,897,373798,Included
2026-03-17,Included,gemini-3-flash-preview,No,0,51100,341190,4198,396488,Included
2026-03-17,Included,gemini-3-flash-preview,No,0,11410,30426,1965,43801,Included
2026-03-17,Included,gemini-3-flash-preview,No,0,45414,28665,6775,80854,Included
2026-03-17,Included,gpt-5.3-codex-low,No,0,29795,125440,3430,158665,Included
2026-03-17,Included,gpt-5.3-codex-low,No,0,30052,0,387,30439,Included
2026-03-17,Included,gemini-3-flash-preview,No,0,82310,206015,6607,294932,Included
2026-03-17,Included,gemini-3-flash-preview,No,0,51494,40237,3585,95316,Included
2026-03-17,Included,claude-4.6-sonnet-medium-thinking,No,44391,5,79647,4128,128171,Included
2026-03-17,Included,gpt-5.3-codex,No,0,4194,123904,2347,130445,Included
2026-03-17,Included,gpt-5.3-codex,No,0,17251,66560,607,84418,Included
2026-03-17,Included,auto,No,0,21567,109824,2562,133953,Included
2026-03-17,Included,composer-1.5,No,0,1916,238592,2324,242832,Included
2026-03-17,Included,composer-1.5,No,0,45343,47424,1680,94447,Included
2026-03-17,Included,composer-1.5,No,0,18748,75648,5463,99859,Included
2026-03-17,Included,composer-1.5,No,0,47016,327616,6864,381496,Included
2026-03-17,Included,gpt-5.3-codex,Yes,0,9193,98688,325,108206,Included
2026-03-17,Included,gpt-5.3-codex,Yes,0,20047,111232,1027,132306,Included
2026-03-17,Included,gpt-5.3-codex,Yes,0,37485,483712,18154,539351,Included
2026-03-17,Included,auto,No,0,119327,573440,2660,695427,Included
2026-03-17,Included,Premium (Codex 5.3),No,0,69362,1895424,11957,1976743,Included
2026-03-17,Included,Premium (Codex 5.3),No,0,46898,192768,2253,241919,Included
2026-03-17,"Errored, No Charge",composer-1.5,No,0,0,0,0,0,-
2026-03-17,"Errored, No Charge",composer-1.5,No,0,0,0,0,0,-
2026-03-17,"Errored, No Charge",composer-1.5,No,0,0,0,0,0,-
2026-03-17,"Errored, No Charge",composer-1.5,No,0,0,0,0,0,-
2026-03-17,Included,composer-1.5,No,0,0,0,0,0,Included
2026-03-17,Included,composer-1.5,No,0,1058,32640,255,33953,Included
2026-03-17,Included,composer-1.5,No,0,48956,149056,3919,201931,Included
2026-03-17,"Errored, No Charge",composer-1.5,No,0,0,0,0,0,-
2026-03-17,Included,composer-1.5,No,0,43201,94816,2581,140598,Included
2026-03-17,"Errored, No Charge",composer-1.5,No,0,0,0,0,0,-
2026-03-17,Included,composer-1.5,No,0,17797,103488,1250,122535,Included
2026-03-17,Included,composer-1.5,No,0,848,102944,1085,104877,Included
2026-03-17,Included,composer-1.5,No,0,16214,67680,1729,85623,Included
2026-03-17,Included,composer-1.5,No,0,20411,108416,2410,131237,Included
2026-03-17,"Errored, No Charge",composer-1.5,No,0,0,0,0,0,-
2026-03-17,"Errored, No Charge",composer-1.5,No,0,0,0,0,0,-
2026-03-17,Included,auto,No,0,38955,32640,545,72140,Included
2026-03-17,"Errored, No Charge",auto,No,0,0,0,0,0,-
2026-03-17,Included,auto,No,0,762,50176,47,50985,Included
2026-03-17,Included,auto,No,0,1096,48896,282,50274,Included
2026-03-17,Included,auto,No,0,195,48896,369,49460,Included
2026-03-17,Included,auto,No,0,17974,31104,605,49683,Included
2026-03-17,Included,auto,No,0,34690,207616,4222,246528,Included
2026-03-17,Included,composer-1.5,No,0,1395,218784,1288,221467,Included
2026-03-17,Included,composer-1.5,No,0,47,53664,915,54626,Included
2026-03-17,Included,composer-1.5,No,0,1093,49184,476,50753,Included
2026-03-17,Included,composer-1.5,No,0,29,69888,663,70580,Included
2026-03-17,Included,composer-1.5,No,0,53228,11072,414,64714,Included
2026-03-17,Included,composer-1.5,No,0,54093,133824,643,188560,Included
2026-03-17,Included,composer-1.5,No,0,51848,126912,2839,181599,Included
2026-03-17,Included,composer-1.5,No,0,773,151648,772,153193,Included
2026-03-17,Included,composer-1.5,No,0,36948,109376,2527,148851,Included
2026-03-17,"Errored, No Charge",composer-1.5,No,0,0,0,0,0,-
2026-03-17,"Errored, No Charge",composer-1.5,No,0,0,0,0,0,-
2026-03-17,"Errored, No Charge",composer-1.5,No,0,0,0,0,0,-
2026-03-17,Included,auto,No,0,2649,132096,1879,136624,Included
2026-03-17,Included,auto,No,0,1851,41984,1012,44847,Included
2026-03-17,Included,auto,No,0,2350,81920,1164,85434,Included
2026-03-17,Included,auto,No,0,7326,148480,1479,157285,Included
2026-03-17,Included,auto,No,0,27443,151552,6554,185549,Included
2026-03-17,Included,auto,No,0,3847,125440,2177,131464,Included
2026-03-17,Included,auto,No,0,25184,68608,6545,100337,Included
2026-03-17,Included,auto,No,0,20652,65024,4107,89783,Included
2026-03-17,Included,auto,No,0,17990,74240,1700,93930,Included
2026-03-17,Included,auto,No,0,84233,279168,10990,374391,Included
2026-03-17,Included,auto,No,0,36867,230272,7041,274180,Included
2026-03-17,Included,auto,No,0,71846,212864,10899,295609,Included
2026-03-17,Included,auto,No,0,23079,110848,3408,137335,Included
2026-03-17,Included,auto,No,0,62571,412160,23202,497933,Included
2026-03-17,Included,auto,No,0,188182,1314304,8711,1511197,Included
2026-03-17,Included,auto,No,0,11934,229376,6774,248084,Included
2026-03-17,Included,auto,No,0,42753,151040,2757,196550,Included
2026-03-17,Included,auto,No,0,76042,1192448,12159,1280649,Included
2026-03-17,Included,auto,No,0,26078,83968,891,110937,Included
2026-03-17,Included,auto,No,0,32594,160256,10074,202924,Included
2026-03-17,Included,auto,No,0,44299,88576,16319,149194,Included
2026-03-17,Included,auto,No,0,17270,236032,4731,258033,Included
2026-03-17,Included,auto,No,0,15246,151040,3101,169387,Included
2026-03-17,Included,auto,No,0,6272,117248,2953,126473,Included
2026-03-17,Included,auto,No,0,17623,61440,2671,81734,Included
2026-03-17,Included,auto,No,0,18909,524800,4091,547800,Included
2026-03-17,Included,auto,No,0,10314,78336,5185,93835,Included
2026-03-17,Included,auto,No,0,25254,69632,6508,101394,Included
2026-03-17,Included,composer-1.5,No,0,118750,1146976,10089,1275815,Included
2026-03-17,Included,auto,No,0,109358,1074688,10203,1194249,Included
2026-03-17,Included,auto,No,0,12375,160256,2174,174805,Included
2026-03-17,Included,auto,No,0,5177,89088,1575,95840,Included
2026-03-17,Included,auto,No,0,9337,87552,773,97662,Included
2026-03-17,Included,auto,No,0,34277,247296,6910,288483,Included
2026-03-16,Included,auto,No,0,15641,171520,4268,191429,Included
2026-03-16,Included,auto,No,0,4493,101888,1742,108123,Included
2026-03-16,Included,auto,No,0,23126,74240,1206,98572,Included
2026-03-16,Included,auto,No,0,20016,378368,9342,407726,Included
2026-03-16,Included,auto,No,0,24104,67072,6089,97265,Included
2026-03-16,Included,auto,No,0,1875,178688,726,181289,Included
2026-03-16,Included,auto,No,0,8864,345088,844,354796,Included
2026-03-16,Included,auto,No,0,108311,360960,4688,473959,Included
2026-03-16,Included,auto,No,0,10776,337408,4034,352218,Included
2026-03-16,Included,auto,No,0,50817,57344,4123,112284,Included
2026-03-16,Included,auto,No,0,17810,86016,470,104296,Included
2026-03-16,Included,auto,No,0,1108,41472,603,43183,Included
2026-03-16,Included,auto,No,0,1489,81920,396,83805,Included
2026-03-16,Included,auto,No,0,1907,79360,455,81722,Included
2026-03-16,Included,auto,No,0,9744,168448,2713,180905,Included
2026-03-16,Included,auto,No,0,1532,89600,775,91907,Included
2026-03-16,Included,auto,No,0,19697,40448,248,60393,Included
2026-03-16,Included,composer-1.5,No,0,1929,350400,60636,412965,Included
2026-03-16,Included,composer-1.5,No,0,17408,11040,776,29224,Included
2026-03-16,Included,Premium (Codex 5.3),No,0,23705,756480,2285,782470,Included
2026-03-16,Included,Premium (Codex 5.3),No,0,78118,176384,1720,256222,Included
2026-03-16,Included,Premium (Codex 5.3),No,0,21552,531328,2049,554929,Included
2026-03-16,"Errored, No Charge",Premium (Codex 5.3),No,0,0,0,0,0,-
2026-03-16,Included,auto,No,0,3648,135680,311,139639,Included
2026-03-16,Included,auto,No,0,83089,611328,4510,698927,Included
2026-03-16,Included,auto,No,0,87966,206848,11193,306007,Included
2026-03-16,Included,auto,No,0,74086,371456,9581,455123,Included
2026-03-16,Included,auto,No,0,38754,13696,413,52863,Included
2026-03-16,Included,auto,No,0,6192,199296,749,206237,Included
2026-03-16,Included,auto,No,0,35494,155776,1654,192924,Included
2026-03-16,"Errored, No Charge",auto,No,0,0,0,0,0,-
2026-03-16,Included,auto,No,0,19195,197376,2545,219116,Included
2026-03-16,Included,auto,No,0,58071,177024,5359,240454,Included
2026-03-16,Included,auto,No,0,77372,79104,9234,165710,Included
2026-03-16,Included,auto,No,0,13986,128384,1245,143615,Included
2026-03-16,Included,auto,No,0,14463,105472,3665,123600,Included
2026-03-16,Included,auto,No,0,9938,85760,4995,100693,Included
2026-03-16,Included,auto,No,0,25686,33024,523,59233,Included
2026-03-16,Included,gpt-5.3-codex,No,0,46986,351872,2711,401569,Included
2026-03-16,Included,gpt-5.3-codex,No,0,1505,102912,1244,105661,Included
2026-03-16,Included,gpt-5.3-codex,No,0,49371,1536,716,51623,Included
2026-03-16,Included,Premium (Codex 5.3),No,0,43227,7680,768,51675,Included
2026-03-16,Included,auto,No,0,38261,14464,759,53484,Included
2026-03-16,Included,auto,No,0,19085,32000,530,51615,Included
2026-03-16,Included,auto,No,0,57116,208640,742,266498,Included
2026-03-16,Included,auto,No,0,564,30848,363,31775,Included
2026-03-16,Included,auto,No,0,4684,26240,154,31078,Included
2026-03-16,Included,auto,No,0,658,29696,229,30583,Included
2026-03-16,Included,auto,No,0,122,29696,246,30064,Included
2026-03-16,Included,auto,No,0,3578,26240,495,30313,Included
2026-03-16,Included,auto,No,0,22916,62336,361,85613,Included
2026-03-16,Included,auto,No,0,91427,807040,4473,902940,Included
2026-03-16,Included,auto,No,0,14385,65536,1532,81453,Included
2026-03-16,Included,auto,No,0,36221,61056,4872,102149,Included
2026-03-16,Included,gpt-5.3-codex,No,0,15166,275840,1529,292535,Included
2026-03-16,Included,gpt-5.3-codex,No,0,12367,185984,1973,200324,Included
2026-03-16,Included,gpt-5.3-codex,No,0,26884,43392,735,71011,Included
2026-03-16,Included,gpt-5.3-codex,No,0,58714,98944,1330,158988,Included
2026-03-16,Included,composer-1.5,No,0,36325,376096,4013,416434,Included
2026-03-16,Included,composer-1.5,No,0,29564,182464,2924,214952,Included
2026-03-16,Included,auto,No,0,57531,107136,2296,166963,Included
2026-03-16,Included,composer-1.5,No,0,50630,157152,3468,211250,Included
2026-03-16,Included,composer-1.5,No,0,44594,97504,2580,144678,Included
2026-03-16,Included,composer-1,No,0,11117,1109184,3235,1123536,Included
2026-03-16,Included,composer-1,No,0,23336,71488,776,95600,Included
2026-03-16,Included,composer-1,No,0,37408,109248,5858,152514,Included
2026-03-16,Included,composer-1,No,0,17031,9344,128,26503,Included
2026-03-16,Included,composer-1,No,0,13910,103936,3109,120955,Included
2026-03-16,Included,composer-1,No,0,557,113056,510,114123,Included
2026-03-16,Included,composer-1,No,0,1107,165856,600,167563,Included
2026-03-16,Included,composer-1,No,0,11663,161600,589,173852,Included
2026-03-16,Included,composer-1,No,0,324,108896,460,109680,Included
2026-03-16,Included,composer-1,No,0,931,159744,672,161347,Included
2026-03-16,Included,composer-1,No,0,2352,102944,239,105535,Included
2026-03-16,Included,composer-1,No,0,1945,103488,226,105659,Included
2026-03-16,Included,composer-1,No,0,43713,110976,773,155462,Included
2026-03-16,Included,composer-1,No,0,17018,272160,2510,291688,Included
2026-03-16,Included,composer-1,No,0,61794,249344,5456,316594,Included
2026-03-16,Included,composer-1,No,0,46239,28032,3572,77843,Included
2026-03-16,Included,composer-1.5,No,0,591,145312,353,146256,Included
2026-03-16,Included,composer-1.5,No,0,5987,427616,1115,434718,Included
2026-03-16,Included,composer-1.5,No,0,5209,282432,459,288100,Included
2026-03-16,Included,composer-1.5,No,0,21253,1064896,2992,1089141,Included
2026-03-16,Included,composer-1.5,No,0,5627,771104,1676,778407,Included
2026-03-16,Included,composer-1.5,No,0,1208,620768,1765,623741,Included
2026-03-16,Included,composer-1.5,No,0,117567,490784,3207,611558,Included
2026-03-16,Included,composer-1.5,No,0,102219,1998336,5851,2106406,Included
2026-03-16,Included,composer-1,No,0,87860,290400,9339,387599,Included
2026-03-16,Included,composer-1,No,0,15742,601536,9566,626844,Included
2026-03-16,Included,composer-1,No,0,97564,345376,10052,452992,Included
2026-03-16,Included,auto,No,0,25549,14592,317,40458,Included
2026-03-16,Included,auto,No,0,24902,79616,6657,111175,Included
2026-03-16,Included,composer-1.5,No,0,1446,209856,736,212038,Included
2026-03-16,Included,composer-1.5,No,0,55111,322432,3851,381394,Included
2026-03-16,Included,gpt-5.3-codex,No,0,1396,228096,760,230252,Included
2026-03-16,Included,gpt-5.3-codex,No,0,1088,112768,488,114344,Included
2026-03-16,Included,gpt-5.3-codex,No,0,46678,67200,532,114410,Included
2026-03-16,Included,Premium (Codex 5.3),No,0,5471,212352,1069,218892,Included
2026-03-16,Included,Premium (Codex 5.3),No,0,39344,10752,288,50384,Included
2026-03-16,Included,Premium (Codex 5.3),No,0,0,0,0,0,Included
2026-03-16,Included,Premium (Codex 5.3),No,0,37568,106112,1819,145499,Included
2026-03-16,Included,composer-1,No,0,27862,156320,1663,185845,Included
2026-03-16,Included,composer-1,No,0,61141,53504,6978,121623,Included
2026-03-16,Included,composer-1,No,0,62435,146176,1257,209868,Included
2026-03-16,Included,composer-1,No,0,17041,215904,1962,234907,Included
2026-03-16,Included,composer-1,No,0,44264,248512,2118,294894,Included
2026-03-16,Included,composer-1,No,0,45775,46432,9196,101403,Included
2026-03-16,Included,composer-1,No,0,865,107392,834,109091,Included
2026-03-16,Included,composer-1,No,0,72122,90560,15722,178404,Included
2026-03-16,Included,composer-1,No,0,24153,43328,3028,70509,Included
2026-03-16,Included,composer-1,No,0,3599,199936,1590,205125,Included
2026-03-16,Included,composer-1,No,0,27884,21696,210,49790,Included
2026-03-16,Included,composer-1,No,0,797,96736,593,98126,Included
2026-03-16,Included,composer-1,No,0,27370,42496,374,70240,Included
2026-03-16,Included,composer-1,No,0,51148,18688,209,70045,Included
2026-03-16,Included,composer-1,No,0,22813,36480,822,60115,Included
2026-03-16,Included,composer-1,No,0,11319,52736,3277,67332,Included
2026-03-16,Included,composer-1.5,No,0,13447,155840,536,169823,Included
2026-03-16,Included,composer-1.5,No,0,56407,1098208,7172,1161787,Included
2026-03-16,Included,composer-1.5,No,0,10996,161536,3334,175866,Included
2026-03-16,Included,Premium (Codex 5.3),No,0,53602,67968,1650,123220,Included
2026-03-16,Included,composer-1.5,No,0,40486,142944,3992,187422,Included
2026-03-16,Included,composer-1,No,0,12372,163392,3763,179527,Included
2026-03-16,Included,composer-1,No,0,29701,66784,9632,106117,Included
2026-03-16,Included,composer-1,No,0,18328,65280,996,84604,Included
2026-03-16,Included,composer-1,No,0,586,19744,300,20630,Included
2026-03-16,Included,composer-1,No,0,19941,37504,696,58141,Included
2026-03-15,Included,composer-1.5,No,0,2501,351712,646,354859,Included
2026-03-15,Included,composer-1.5,No,0,6400,420000,2056,428456,Included
2026-03-15,Included,composer-1.5,No,0,64371,1753088,9351,1826810,Included
2026-03-15,Included,composer-1.5,No,0,3381,298240,2113,303734,Included
2026-03-15,Included,composer-1.5,No,0,5372,377824,3946,387142,Included
2026-03-15,Included,composer-1.5,No,0,9137,639648,10674,659459,Included
2026-03-15,Included,composer-1.5,No,0,25616,115200,2659,143475,Included
2026-03-15,Included,composer-1,No,0,34619,188960,9251,232830,Included
2026-03-15,Included,composer-1,No,0,40164,43488,6569,90221,Included
2026-03-15,Included,composer-1,No,0,7557,111008,1172,119737,Included
2026-03-15,Included,composer-1,No,0,7882,43264,659,51805,Included
2026-03-15,Included,composer-1,No,0,13493,29280,615,43388,Included
2026-03-15,Included,composer-1,No,0,9452,67072,1326,77850,Included
2026-03-15,Included,composer-1,No,0,29648,62752,4144,96544,Included
2026-03-15,Included,composer-1,No,0,51165,42880,7342,101387,Included
2026-03-15,Included,composer-1,No,0,40329,44192,8047,92568,Included
2026-03-15,Included,composer-1,No,0,12194,56320,4337,72851,Included
2026-03-15,Included,composer-1,No,0,10466,75328,3189,88983,Included
2026-03-15,Included,composer-1,No,0,14754,63648,6580,84982,Included
2026-03-15,Included,composer-1,No,0,29529,364096,9532,403157,Included
2026-03-15,Included,composer-1,No,0,22460,78592,1391,102443,Included
2026-03-15,Included,composer-1,No,0,34920,42464,6440,83824,Included
2026-03-15,Included,composer-1,No,0,1675,97408,1614,100697,Included
2026-03-15,Included,composer-1,No,0,23426,94912,2054,120392,Included
2026-03-15,Included,composer-1,No,0,13228,59104,5165,77497,Included
2026-03-15,Included,composer-1,No,0,8614,9344,625,18583,Included
2026-03-12,Included,composer-1,No,0,30174,43968,1278,75420,Included
2026-03-12,Included,composer-1,No,0,31818,40864,5395,78077,Included
2026-03-12,Included,composer-1,No,0,12580,9344,320,22244,Included
2026-03-12,Included,composer-1,No,0,42199,28032,4887,75118,Included
2026-03-12,Included,composer-1,No,0,8591,79264,3474,91329,Included
2026-03-12,Included,composer-1,No,0,42286,121248,766,164300,Included
2026-03-12,Included,composer-1,No,0,95270,75200,6363,176833,Included
2026-03-12,Included,composer-1,No,0,15677,29952,3282,48911,Included
2026-03-12,Included,gpt-5.3-codex,No,0,3502,117248,719,121469,Included
2026-03-12,Included,composer-1,No,0,39609,49632,4163,93404,Included
2026-03-12,Included,gpt-5.3-codex,No,0,6513,146944,922,154379,Included
2026-03-12,Included,gpt-5.3-codex,No,0,9556,166912,1042,177510,Included
2026-03-12,Included,gpt-5.3-codex,No,0,10181,110976,3616,124773,Included
2026-03-12,Included,gpt-5.3-codex,No,0,14359,154496,4669,173524,Included
2026-03-12,Included,composer-1,No,0,26603,55424,8337,90364,Included
2026-03-12,Included,composer-1,No,0,26392,36160,2407,64959,Included
2026-03-12,Included,gpt-5.4-medium,No,0,141368,210816,2663,354847,Included
2026-03-12,Included,gpt-5.4-medium,No,0,130715,229248,6279,366242,Included
2026-03-12,Included,gpt-5.3-codex,No,0,31683,266112,11368,309163,Included
2026-03-12,Included,gpt-5.3-codex,No,0,52008,203392,2447,257847,Included
2026-03-12,Included,composer-1,No,0,14867,62752,5445,83064,Included
2026-03-12,Included,gpt-5.3-codex,No,0,2435,302208,2444,307087,Included
2026-03-12,"Errored, No Charge",gpt-5.3-codex,No,0,0,0,0,0,-
2026-03-12,Included,composer-1,No,0,13381,77728,986,92095,Included
2026-03-12,Included,gpt-5.3-codex,No,0,12110,295680,2833,310623,Included
2026-03-12,Included,composer-1,No,0,763,62368,5420,68551,Included
2026-03-12,Included,composer-1,No,0,1741,118208,1158,121107,Included
2026-03-12,Included,gpt-5.3-codex,No,0,47664,225152,4303,277119,Included
2026-03-12,Included,composer-1,No,0,584,28448,478,29510,Included
2026-03-12,Included,composer-1,No,0,37221,123232,1385,161838,Included
2026-03-12,Included,gpt-5.3-codex,No,0,33804,270464,13292,317560,Included
2026-03-12,Included,composer-1,No,0,21440,70464,649,92553,Included
2026-03-12,Included,composer-1,No,0,28450,90592,1056,120098,Included
2026-03-12,Included,composer-1,No,0,53093,67040,12214,132347,Included
2026-03-12,Included,composer-1,No,0,13710,78592,1277,93579,Included
2026-03-11,Included,composer-1,No,0,29940,142144,2958,175042,Included
2026-03-11,Included,composer-1,No,0,38009,188064,5107,231180,Included
2026-03-11,Included,composer-1,No,0,41950,172960,3469,218379,Included
2026-03-11,Included,composer-1,No,0,30599,67648,1304,99551,Included
2026-03-11,Included,composer-1,No,0,18604,39008,747,58359,Included
2026-03-11,Included,composer-1,No,0,24731,39904,603,65238,Included
2026-03-11,Included,composer-1,No,0,12354,50784,807,63945,Included
2026-03-11,Included,composer-1,No,0,9531,168480,2453,180464,Included
2026-03-11,Included,composer-1,No,0,91480,207968,3868,303316,Included
2026-03-11,Included,composer-1,No,0,38823,37440,1112,77375,Included
2026-03-11,Included,composer-1,No,0,44426,28032,755,73213,Included
2026-03-11,Included,gpt-5.3-codex,No,0,22131,148608,9206,179945,Included
2026-03-11,Included,composer-1,No,0,43825,37376,3870,85071,Included
2026-03-11,Included,composer-1,No,0,70695,64576,1161,136432,Included
2026-03-11,Included,composer-1,No,0,19154,9344,206,28704,Included
2026-03-11,Included,composer-1,No,0,56816,28096,465,85377,Included
2026-03-11,Included,composer-1,No,0,0,0,0,0,Included
2026-03-11,Included,composer-1,No,0,164604,254752,6400,425756,Included
2026-03-11,Included,composer-1,No,0,6905,348256,1316,356477,Included
2026-03-11,Included,composer-1,No,0,126423,76704,1275,204402,Included
2026-03-11,Included,composer-1,No,0,30330,48448,5221,83999,Included
2026-03-11,Included,composer-1,No,0,92289,108608,2845,203742,Included
2026-03-11,Included,composer-1,No,0,33112,28128,517,61757,Included
2026-03-11,Included,composer-1,No,0,13170,9376,272,22818,Included
2026-03-11,Included,composer-1,No,0,37900,44352,867,83119,Included
2026-03-11,Included,composer-1,No,0,19795,18720,479,38994,Included
2026-03-11,Included,composer-1,No,0,9342,9376,32,18750,Included
2026-03-11,Included,composer-1,No,0,9374,9344,42,18760,Included
2026-03-11,Included,auto,No,0,18644,76928,941,96513,Included
2026-03-11,Included,composer-1,No,0,0,0,0,0,Included
2026-03-11,Included,composer-1,No,0,43744,87968,2082,133794,Included
2026-03-11,Included,composer-1,No,0,29307,48448,715,78470,Included
2026-03-11,Included,composer-1,No,0,30921,67424,1053,99398,Included
2026-03-10,Included,composer-1,No,0,7437,632032,2058,641527,Included
2026-03-10,Included,composer-1,No,0,495,154048,149,154692,Included
2026-03-10,Included,composer-1,No,0,64542,1388064,2255,1454861,Included
2026-03-10,Included,composer-1,No,0,872,173472,702,175046,Included
2026-03-10,Included,composer-1,No,0,937,169440,1219,171596,Included
2026-03-10,Included,composer-1,No,0,14462,797472,7160,819094,Included
2026-03-10,Included,composer-1,No,0,182852,905856,7858,1096566,Included
2026-03-10,Included,composer-1,No,0,56481,87840,11656,155977,Included
2026-03-10,Included,gpt-5.3-codex,No,0,47223,158208,3340,208771,Included
2026-03-10,Included,gpt-5.3-codex,No,0,90141,63360,8615,162116,Included
2026-03-10,Included,gpt-5.3-codex,No,0,28919,101888,11161,141968,Included
2026-03-10,Included,composer-1,No,0,146023,1264480,6916,1417419,Included
2026-03-10,Included,gpt-5.3-codex,No,0,43349,55296,9739,108384,Included
2026-03-10,Included,gpt-5.3-codex,No,0,22833,5632,712,29177,Included
2026-03-10,Included,composer-1,No,0,37454,53568,1850,92872,Included
2026-03-10,Included,composer-1,No,0,157906,154656,4805,317367,Included
2026-03-10,Included,composer-1.5,No,0,1107,137056,1691,139854,Included
2026-03-10,Included,composer-1.5,No,0,15041,304896,4069,324006,Included
2026-03-10,Included,composer-1.5,No,0,8412,210400,4516,223328,Included
2026-03-10,Included,composer-1.5,No,0,185,49824,144,50153,Included
2026-03-10,Included,auto,No,0,86,19456,83,19625,Included
2026-03-10,Included,composer-1.5,No,0,8890,93280,1860,104030,Included
2026-03-10,Included,auto,No,0,87,19456,158,19701,Included
2026-03-10,Included,composer-1.5,No,0,200,44032,167,44399,Included
2026-03-10,Included,composer-1.5,No,0,10393,140672,3437,154502,Included
2026-03-10,Included,composer-1.5,No,0,796,141792,1356,143944,Included
2026-03-10,Included,auto,No,0,2646,16896,108,19650,Included
2026-03-10,Included,composer-1.5,No,0,14427,99808,2478,116713,Included
2026-03-10,Included,composer-1.5,No,0,1965,27904,740,30609,Included
2026-03-10,Included,composer-1.5,No,0,2786,47456,1066,51308,Included
2026-03-10,Included,composer-1.5,No,0,6691,14176,1681,22548,Included
2026-03-10,Included,composer-1.5,No,0,2774,11072,346,14192,Included
2026-03-10,Included,auto,No,0,3049,197632,945,201626,Included
2026-03-10,Included,auto,No,0,4899,180224,1796,186919,Included
2026-03-10,Included,auto,No,0,6609,235520,2955,245084,Included
2026-03-10,Included,composer-1,No,0,136637,209920,3209,349766,Included
2026-03-10,Included,auto,No,0,2815,142336,725,145876,Included
2026-03-10,Included,auto,No,0,2186,43520,758,46464,Included
2026-03-10,Included,auto,No,0,5649,77312,974,83935,Included
2026-03-10,Included,auto,No,0,1199,76288,497,77984,Included
2026-03-10,Included,auto,No,0,1557,48640,315,50512,Included
2026-03-10,Included,auto,No,0,724,23552,422,24698,Included
2026-03-10,Included,auto,No,0,558,23040,592,24190,Included
2026-03-10,Included,auto,No,0,2064,66048,773,68885,Included
2026-03-10,Included,auto,No,0,1372,41472,956,43800,Included
2026-03-10,Included,auto,No,0,13163,142336,1625,157124,Included
2026-03-10,Included,composer-1.5,No,0,4548,1475552,4152,1484252,Included
2026-03-10,Included,composer-1.5,No,0,15477,1245088,3065,1263630,Included
2026-03-10,Included,composer-1.5,No,0,676,537792,375,538843,Included
2026-03-10,Included,composer-1.5,No,0,676,399808,444,400928,Included
2026-03-10,Included,composer-1.5,No,0,10218,910432,2042,922692,Included
2026-03-10,Included,composer-1.5,No,0,6558,627264,3790,637612,Included
2026-03-10,Included,composer-1.5,No,0,781,364128,811,365720,Included
2026-03-10,Included,composer-1.5,No,0,3166,120032,748,123946,Included
2026-03-10,Included,composer-1.5,No,0,1776,943456,1814,947046,Included
2026-03-10,Included,composer-1.5,No,0,2030,907712,2622,912364,Included
2026-03-10,Included,composer-1.5,No,0,233,223424,265,223922,Included
2026-03-10,Included,composer-1.5,No,0,254,222048,584,222886,Included
2026-03-10,Included,composer-1.5,No,0,3857,751328,3576,758761,Included
2026-03-10,Included,composer-1.5,No,0,4603,202976,1311,208890,Included
2026-03-10,Included,composer-1.5,No,0,3827,100096,1135,105058,Included
2026-03-10,Included,composer-1.5,No,0,4829,493760,2171,500760,Included
2026-03-10,Included,composer-1.5,No,0,277,96160,1086,97523,Included
2026-03-10,Included,composer-1.5,No,0,180,94912,1070,96162,Included
2026-03-10,Included,composer-1.5,No,0,11600,938656,11899,962155,Included
2026-03-10,Included,composer-1.5,No,0,7192,604000,1181,612373,Included
2026-03-10,Included,composer-1.5,No,0,32357,1444960,26834,1504151,Included
2026-03-10,Included,composer-1.5,No,0,4265,92032,1335,97632,Included
2026-03-10,Included,composer-1.5,No,0,25332,128128,4112,157572,Included
2026-03-09,Included,gpt-5.3-codex,No,0,27184,155136,9741,192061,Included
2026-03-09,Included,composer-1,No,0,10279,123392,473,134144,Included
2026-03-09,Included,composer-1,No,0,14051,173472,784,188307,Included
2026-03-09,Included,composer-1,No,0,113447,321280,5914,440641,Included
2026-03-09,Included,composer-1,No,0,127032,1102784,10475,1240291,Included
2026-03-09,Included,gpt-5.3-codex,No,0,6977,375552,3809,386338,Included
2026-03-09,Included,gpt-5.3-codex,No,0,9591,205824,1058,216473,Included
2026-03-09,Included,gpt-5.3-codex,No,0,23204,249600,3329,276133,Included
2026-03-09,Included,gpt-5.3-codex,No,0,47346,237056,5386,289788,Included
2026-03-09,Included,composer-1,No,0,39431,127936,1466,168833,Included
2026-03-09,Included,gpt-5.3-codex,No,0,18471,191616,8762,218849,Included
2026-03-09,Included,gpt-5.3-codex,No,0,22876,123136,9594,155606,Included
2026-03-09,Included,composer-1,No,0,131976,405170,9747,546893,Included
2026-03-09,Included,composer-1,No,0,38291,331461,7706,377458,Included
2026-03-09,Included,composer-1,No,0,68637,261732,12024,342393,Included
2026-03-09,Included,composer-1,No,0,99469,305711,9498,414678,Included
2026-03-09,Included,composer-1,No,0,43594,105632,15734,164960,Included
2026-03-09,Included,composer-1,No,0,47810,113568,2976,164354,Included
2026-03-09,Included,composer-1,No,0,36581,35936,3940,76457,Included
2026-03-09,Included,composer-1,No,0,15279,35776,1033,52088,Included
2026-03-09,Included,composer-1,No,0,16554,70784,634,87972,Included
2026-03-09,Included,composer-1,No,0,18563,59584,1680,79827,Included
2026-03-09,Included,composer-1,No,0,14380,34688,557,49625,Included
2026-03-09,Included,composer-1,No,0,13541,38816,144,52501,Included
2026-03-09,Included,composer-1,No,0,967,49440,381,50788,Included
2026-03-09,Included,composer-1,No,0,29454,67200,520,97174,Included
2026-03-09,Included,composer-1,No,0,67917,139680,2449,210046,Included
2026-03-09,Included,composer-1,No,0,7085,66464,559,74108,Included
2026-03-09,Included,composer-1,No,0,11354,9344,354,21052,Included
2026-03-09,Included,composer-1,No,0,13909,26272,225,40406,Included
2026-03-09,Included,composer-1,No,0,27321,65184,735,93240,Included
2026-03-09,Included,composer-1,No,0,25425,36160,184,61769,Included
2026-03-09,Included,composer-1,No,0,14417,156608,1411,172436,Included
2026-03-09,Included,composer-1,No,0,3866,198016,1093,202975,Included
2026-03-09,Included,composer-1,No,0,1294,47616,197,49107,Included
2026-03-09,Included,composer-1,No,0,38712,9344,463,48519,Included
2026-03-09,Included,composer-1,No,0,1213,46016,437,47666,Included
2026-03-09,Included,composer-1,No,0,649,45824,369,46842,Included
2026-03-09,Included,composer-1,No,0,97107,423872,3487,524466,Included
2026-03-09,Included,composer-1,No,0,20754,9344,344,30442,Included
2026-03-09,Included,composer-1,No,0,92514,207040,7837,307391,Included
2026-03-09,Included,composer-1,No,0,116247,249440,11430,377117,Included
2026-03-09,Included,auto,No,0,1336,38912,1237,41485,Included
2026-03-09,Included,gpt-5.3-codex,No,0,17071,10752,274,28097,Included
2026-03-09,Included,auto,No,0,32140,420352,7588,460080,Included
2026-03-09,Included,gpt-5.3-codex,No,0,12394,174976,9690,197060,Included
2026-03-09,Included,gpt-5.3-codex,No,0,517,200960,16461,217938,Included
2026-03-09,Included,gpt-5.3-codex,No,0,84,56192,8108,64384,Included
2026-03-09,"Errored, No Charge",gpt-5.3-codex,No,0,0,0,0,0,-
2026-03-09,Included,gpt-5.3-codex,No,0,0,0,0,0,Included
2026-03-09,Included,gpt-5.3-codex,No,0,0,0,0,0,Included
2026-03-09,Included,gpt-5.3-codex,No,0,24545,187776,2288,214609,Included
2026-03-09,Included,gpt-5.3-codex,No,0,49876,207744,9050,266670,Included
2026-03-09,Included,gpt-5.3-codex,No,0,9333,221952,9671,240956,Included
2026-03-09,"Errored, No Charge",gpt-5.3-codex,No,0,0,0,0,0,-
2026-03-09,Included,composer-1,No,0,40430,107040,789,148259,Included
2026-03-09,Included,composer-1,No,0,80910,67616,669,149195,Included
2026-03-09,Included,composer-1.5,No,0,4434,136832,2273,143539,Included
2026-03-09,Included,composer-1.5,No,0,33207,11072,974,45253,Included
2026-03-09,Included,auto,No,0,33062,9728,799,43589,Included
2026-03-08,Included,auto,No,0,20756,113152,2493,136401,Included
2026-03-08,Included,auto,No,0,1495,66048,1263,68806,Included
2026-03-08,Included,auto,No,0,17150,45056,1531,63737,Included
2026-03-08,Included,auto,No,0,27328,128000,1024,156352,Included
2026-03-08,Included,auto,No,0,22435,105984,2132,130551,Included
2026-03-08,Included,auto,No,0,4518,87552,790,92860,Included
2026-03-08,Included,auto,No,0,19076,41472,666,61214,Included
2026-03-08,Included,auto,No,0,9110,125952,2694,137756,Included
2026-03-08,Included,auto,No,0,18126,45056,294,63476,Included
2026-03-08,Included,auto,No,0,10392,77824,1541,89757,Included
2026-03-08,Included,auto,No,0,525,22528,90,23143,Included
2026-03-08,Included,auto,No,0,1035,22016,632,23683,Included
2026-03-08,Included,auto,No,0,12545,69632,1389,83566,Included
2026-03-08,Included,composer-1.5,No,0,9826,113600,1792,125218,Included
2026-03-08,Included,composer-1.5,No,0,4663,37504,2067,44234,Included
2026-03-08,Included,composer-1.5,No,0,1280,132576,2003,135859,Included
2026-03-08,Included,composer-1.5,No,0,133,16480,341,16954,Included
2026-03-08,Included,composer-1.5,No,0,64251,2553472,12909,2630632,Included
2026-03-08,Included,composer-1.5,No,0,76614,108448,18365,203427,Included
2026-03-08,Included,composer-1.5,No,0,75447,260448,4747,340642,Included
2026-03-08,Included,composer-1.5,No,0,58130,949632,20933,1028695,Included
2026-03-08,Included,composer-1.5,No,0,64304,92544,1826,158674,Included
2026-03-08,Included,gpt-5.3-codex,No,0,720,16896,457,18073,Included
2026-03-08,Included,gpt-5.3-codex,No,0,180,16896,668,17744,Included
2026-03-08,Included,composer-1.5,No,0,10139,1571104,26342,1607585,Included
2026-03-08,Included,gpt-5.3-codex,No,0,9771,173056,4231,187058,Included
2026-03-08,Included,composer-1.5,No,0,8008,67232,2446,77686,Included
2026-03-08,Included,gpt-5.3-codex,No,0,8536,129920,3958,142414,Included
2026-03-08,Included,composer-1.5,No,0,49431,541216,25540,616187,Included
2026-03-08,Included,gpt-5.3-codex,No,0,13204,89088,3539,105831,Included
2026-03-08,Included,auto,No,0,6662,160256,2830,169748,Included
2026-03-08,Included,gpt-5.3-codex,No,0,7319,138240,5762,151321,Included
2026-03-08,Included,gpt-5.3-codex,No,0,25221,169728,2862,197811,Included
2026-03-08,"Errored, No Charge",gpt-5.3-codex,No,0,0,0,0,0,-
2026-03-08,Included,gpt-5.3-codex,No,0,603,28032,284,28919,Included
2026-03-08,Included,gpt-5.3-codex,No,0,7020,21120,341,28481,Included
2026-03-08,Included,auto,No,0,407,52224,743,53374,Included
2026-03-08,Included,gpt-5.3-codex,No,0,10136,193408,5185,208729,Included
2026-03-08,Included,gpt-5.3-codex,No,0,11884,155264,1447,168595,Included
2026-03-08,Included,gpt-5.3-codex,No,0,13321,219904,4636,237861,Included
2026-03-08,Included,gpt-5.3-codex,No,0,7408,147456,4825,159689,Included
2026-03-08,Included,gpt-5.3-codex,No,0,18089,84480,3314,105883,Included
2026-03-08,Included,auto,No,0,35223,17408,615,53246,Included
2026-03-08,Included,auto,No,0,44427,64000,767,109194,Included
2026-03-08,Included,composer-1.5,No,0,55845,269088,2794,327727,Included
2026-03-08,Included,composer-1.5,No,0,4600,164320,2933,171853,Included
2026-03-08,Included,composer-1.5,No,0,14,52704,617,53335,Included
2026-03-08,"Aborted, Not Charged",composer-1.5,No,0,0,0,0,0,0.00
2026-03-08,Included,composer-1.5,No,0,47407,62496,1123,111026,Included
2026-03-08,Included,composer-1.5,No,0,18715,206272,9126,234113,Included
2026-03-08,Included,composer-1.5,No,0,24850,79872,1128,105850,Included
2026-03-08,Included,composer-1,No,0,31634,264256,2273,298163,Included
2026-03-08,Included,composer-1,No,0,3922,51904,1758,57584,Included
2026-03-08,Included,composer-1,No,0,2818,108000,7763,118581,Included
2026-03-08,Included,composer-1,No,0,15923,14464,6896,37283,Included
2026-03-08,Included,composer-1,No,0,0,0,0,0,Included
2026-03-08,Included,composer-1,No,0,18424,91968,1517,111909,Included
2026-03-08,Included,composer-1,No,0,23617,350816,9630,384063,Included
2026-03-08,Included,composer-1.5,No,0,220,242016,287,242523,Included
2026-03-08,Included,composer-1.5,No,0,19,80544,106,80669,Included
2026-03-08,Included,composer-1.5,No,0,0,0,0,0,Included
2026-03-08,Included,composer-1.5,No,0,301,242272,555,243128,Included
2026-03-08,Included,composer-1.5,No,0,0,0,0,0,Included
2026-03-08,Included,Premium (Codex 5.3),No,0,65086,237824,561,303471,Included
2026-03-08,Included,composer-1.5,No,0,755,241920,351,243026,Included
2026-03-08,Included,composer-1.5,No,0,1249,315744,1147,318140,Included
2026-03-08,Included,composer-1.5,No,0,4313,79699,1453,85465,Included
2026-03-08,Included,composer-1.5,No,0,3549,470464,1104,475117,Included
2026-03-08,Included,composer-1.5,No,0,453,152192,190,152835,Included
2026-03-08,Included,composer-1.5,No,0,71469,1039552,8721,1119742,Included
2026-03-08,Included,composer-1.5,No,0,8457,1628768,11075,1648300,Included
2026-03-08,Included,composer-1.5,No,0,1491,115424,272,117187,Included
2026-03-08,Included,composer-1.5,No,0,720,280576,1138,282434,Included
2026-03-08,Included,composer-1.5,No,0,424,109024,799,110247,Included
2026-03-08,Included,composer-1.5,No,0,7031,599200,2500,608731,Included
2026-03-08,Included,composer-1.5,No,0,26725,575264,5118,607107,Included
2026-03-08,Included,composer-1.5,No,0,3901,200544,5246,209691,Included
2026-03-08,Included,composer-1.5,No,0,8410,74752,2103,85265,Included
2026-03-08,Included,composer-1.5,No,0,32210,822336,6275,860821,Included
2026-03-08,Included,composer-1.5,No,0,10662,103616,4116,118394,Included
2026-03-08,Included,composer-1.5,No,0,14261,222272,6535,243068,Included
2026-03-08,Included,composer-1.5,No,0,25026,609760,10002,644788,Included
2026-03-08,Included,composer-1.5,No,0,11651,286176,5452,303279,Included
2026-03-08,Included,composer-1.5,No,0,33188,888512,25198,946898,Included
2026-03-08,Included,composer-1.5,No,0,34781,92288,2285,129354,Included
2026-03-08,Included,composer-1.5,No,0,27887,135296,15271,178454,Included
2026-03-08,Included,auto,No,0,27513,93184,1133,121830,Included
2026-03-08,Included,composer-1.5,No,0,8827,1465664,3886,1478377,Included
2026-03-08,Included,composer-1.5,No,0,105215,1332608,23389,1461212,Included
2026-03-08,Included,auto,No,0,61064,465408,11003,537475,Included
2026-03-08,Included,auto,No,0,42288,110592,2480,155360,Included
2026-03-08,Included,auto,No,0,69356,1400320,7107,1476783,Included
2026-03-08,Included,auto,No,0,8403,211968,3896,224267,Included
2026-03-08,Included,auto,No,0,2182,135168,410,137760,Included
2026-03-08,Included,auto,No,0,58749,414208,14006,486963,Included
2026-03-08,Included,composer-1,No,0,38846,256064,62313,357223,Included
2026-03-08,Included,composer-1,Yes,0,206,105120,22196,127522,Included
2026-03-08,"Errored, No Charge",composer-1,Yes,0,1799,311360,100428,413587,-
2026-03-08,"Errored, No Charge",composer-1,Yes,0,504,252576,100000,353080,-
2026-03-08,"Errored, No Charge",composer-1,Yes,0,42057,353984,100324,496365,-
2026-03-08,Included,Premium (Codex 5.3),No,0,49329,244224,4447,298000,Included
2026-03-08,Included,composer-1.5,No,0,9302,317376,7059,333737,Included
2026-03-08,Included,composer-1.5,No,0,39641,189280,3388,232309,Included
2026-03-08,Included,composer-1.5,No,0,41260,165600,4235,211095,Included
2026-03-08,Included,gpt-5.3-codex,No,0,45815,221696,9695,277206,Included
2026-03-08,Included,gpt-5.3-codex,No,0,18822,38400,269,57491,Included
2026-03-08,Included,composer-1,No,0,20616,130560,5028,156204,Included
2026-03-08,Included,composer-1,No,0,55379,155648,20880,231907,Included
2026-03-08,Included,composer-1.5,No,0,54779,970756,6995,1032530,Included
2026-03-08,Included,composer-1.5,No,0,29275,329568,6439,365282,Included
2026-03-08,Included,composer-1.5,No,0,761,114528,1500,116789,Included
2026-03-08,Included,composer-1.5,No,0,14876,205632,5359,225867,Included
2026-03-08,Included,composer-1.5,No,0,65995,954560,5468,1026023,Included
2026-03-08,Included,auto,No,0,21751,380928,15445,418124,Included
2026-03-08,Included,auto,No,0,8205,215040,3484,226729,Included
2026-03-08,Included,auto,No,0,8430,221184,4301,233915,Included
2026-03-08,Included,auto,No,0,29808,155136,4324,189268,Included
2026-03-08,Included,composer-1.5,No,0,9857,489024,3115,501996,Included
2026-03-08,Included,composer-1.5,No,0,30120,253120,4871,288111,Included
2026-03-08,Included,composer-1.5,No,0,47518,160224,7552,215294,Included
2026-03-08,Included,composer-1.5,No,0,23,18016,213,18252,Included
2026-03-08,Included,composer-1.5,No,0,16909,27200,1835,45944,Included
2026-03-08,Included,auto,No,0,34726,185344,12008,232078,Included
2026-03-08,Included,composer-1.5,No,0,368,85344,1134,86846,Included
2026-03-08,Included,composer-1.5,No,0,1488,77088,1724,80300,Included
2026-03-08,Included,composer-1.5,No,0,10815,218656,3183,232654,Included
2026-03-08,Included,composer-1.5,No,0,1229,312896,1018,315143,Included
2026-03-08,Included,composer-1.5,No,0,4312,1116576,7579,1128467,Included
2026-03-08,"Errored, No Charge",composer-1.5,No,0,0,0,0,0,-
2026-03-08,Included,composer-1.5,No,0,53933,554624,4280,612837,Included
2026-03-08,Included,composer-1.5,No,0,11470,166944,4145,182559,Included
2026-03-08,Included,composer-1.5,No,0,3409,11072,622,15103,Included
2026-03-07,Included,composer-1.5,No,0,3779,70592,1068,75439,Included
2026-03-07,Included,composer-1.5,No,0,46390,376704,3824,426918,Included
2026-03-07,Included,composer-1.5,No,0,1022,140352,1183,142557,Included
2026-03-07,Included,composer-1.5,No,0,7156,206528,2202,215886,Included
2026-03-07,Included,composer-1.5,No,0,217,13728,551,14496,Included
2026-03-07,Included,composer-1.5,No,0,755,186880,694,188329,Included
2026-03-07,Included,composer-1.5,No,0,1114,242304,1052,244470,Included
2026-03-07,Included,composer-1.5,No,0,498,118016,1301,119815,Included
2026-03-07,Included,composer-1.5,No,0,1953,398528,2151,402632,Included
2026-03-07,Included,composer-1.5,No,0,422,109856,242,110520,Included
2026-03-07,Included,composer-1.5,No,0,13131,615072,41556,669759,Included
2026-03-07,Included,Premium (Codex 5.3),No,0,42839,146304,4014,193157,Included
2026-03-07,Included,Premium (Codex 5.3),No,0,33016,194560,3955,231531,Included
2026-03-07,Included,composer-1.5,No,0,23247,14752,1498,39497,Included
2026-03-07,Included,composer-1.5,No,0,3093,53920,668,57681,Included
2026-03-07,Included,auto,No,0,49581,148992,4273,202846,Included
2026-03-07,Included,auto,No,0,18750,155136,3592,177478,Included
2026-03-07,Included,auto,No,0,6069,929280,1342,936691,Included
2026-03-07,Included,auto,No,0,14377,272896,2429,289702,Included
2026-03-07,Included,auto,No,0,1611,66048,546,68205,Included
2026-03-07,Included,auto,No,0,1627,64000,608,66235,Included
2026-03-07,Included,auto,No,0,16873,279040,4335,300248,Included
2026-03-07,Included,auto,No,0,3547,33280,438,37265,Included
2026-03-07,Included,auto,No,0,23801,829440,3479,856720,Included
2026-03-07,Included,auto,No,0,519,108544,217,109280,Included
2026-03-07,Included,auto,No,0,1464,215552,438,217454,Included
2026-03-07,Included,auto,No,0,107764,1128448,4705,1240917,Included
2026-03-07,Included,gpt-5.3-codex,No,0,89388,652544,2736,744668,Included
2026-03-07,Included,Premium (Codex 5.3),No,0,202394,2060288,4853,2267535,Included
2026-03-06,Included,composer-1.5,No,0,58558,11040,457,70055,Included
2026-03-06,Included,composer-1.5,No,0,1765,337216,1566,340547,Included
2026-03-06,Included,composer-1.5,No,0,247,65024,904,66175,Included
2026-03-06,Included,composer-1.5,No,0,690,126912,1132,128734,Included
2026-03-06,Included,composer-1.5,No,0,11635,517024,5728,534387,Included
2026-03-06,Included,composer-1.5,No,0,26129,367680,10620,404429,Included
2026-03-06,Included,gpt-5.3-codex,No,0,3959,88576,1678,94213,Included
2026-03-06,Included,gpt-5.3-codex,No,0,21235,68096,1149,90480,Included
2026-03-06,Included,gpt-5.3-codex,No,0,19468,130944,3684,154096,Included
2026-03-06,Included,gpt-5.3-codex,No,0,23633,77440,1387,102460,Included
2026-03-06,Included,gpt-5.3-codex,No,0,3866,72192,1349,77407,Included
2026-03-06,Included,gpt-5.3-codex,No,0,7924,62080,1415,71419,Included
2026-03-06,"Errored, No Charge",gpt-5.3-codex,No,0,0,0,0,0,-
2026-03-06,Included,gpt-5.3-codex,No,0,13908,21504,1143,36555,Included
2026-03-06,Included,gpt-5.3-codex,No,0,2556,17664,102,20322,Included
2026-03-06,Included,gpt-5.3-codex,No,0,14306,123392,1360,139058,Included
2026-03-06,Included,gpt-5.3-codex,No,0,17488,223232,935,241655,Included
2026-03-06,Included,gpt-5.3-codex,No,0,38535,62720,1987,103242,Included
2026-03-06,Included,gpt-5.3-codex,No,0,5241,83456,1131,89828,Included
2026-03-06,Included,gpt-5.3-codex,No,0,22623,147328,2836,172787,Included
2026-03-06,Included,gpt-5.3-codex,No,0,124570,218496,6384,349450,Included
2026-03-06,Included,gpt-5.3-codex,No,0,26206,145792,2317,174315,Included
2026-03-06,Included,gpt-5.3-codex,No,0,56196,150400,5255,211851,Included
2026-03-06,Included,gpt-5.3-codex,No,0,45028,136704,10755,192487,Included
2026-03-06,"Errored, No Charge",gpt-5.3-codex,No,0,0,0,0,0,-
2026-03-06,Included,gpt-5.3-codex,No,0,14786,10752,363,25901,Included
2026-03-05,Included,composer-1.5,No,0,3091,26496,1575,31162,Included
